Nr;M1;M2;M3;M4;M5;M6;M7;M8;M9;M10;M11;M12;M13;M14;M15;M16;M17;M18;M19;M20;M21;M22;M23;M24;M25;Poz1;Poz2;Poz3;Poz4;Poz5;Poz6;Poz7;Poz8;Poz9;Poz10;Poz11;Poz12;Poz13;Poz14;Poz15;Poz16;Poz17;Poz18;Poz19;Poz20;Poz21;Poz22;Poz23;Poz24;Poz25;Zaw1;Zaw2;Zaw3;Zaw4;Zaw5;Zaw6;Zaw7;Zaw8;Zaw9;Zaw10;Zaw11;Zaw12;Zaw13;Zaw14;Zaw15;Zaw16;Zaw17;Zaw18;Zaw19;Zaw20;Zaw21;Zaw22;Zaw23;Zaw24;Zaw25;Zam1;Zam2;Zam3;Zam4;Zam5;Zam6;Zam7;Zam8;Zam9;Zam10;Zam11;Zam12;Zam13;Zam14;Zam15;Zam16;Zam17;Zam18;Zam19;Zam20;Zam21;Zam22;Zam23;Zam24;Zam25;LG1;LG2;LG3;LG4;LG5;LG6;LG7;LG8;LG9;LG10;LG11;LG12;LG13;LG14;LG15;LG16;LG17;LG18;LG19;LG20;LG21;LG22;LG23;LG24;LG25;PGL1;PGL2;PGL3;PGL4;PGL5;PGL6;PGL7;PGL8;PGL9;PGL10;PGL11;PGL12;PGL13;PGL14;PGL15;PGL16;PGL17;PGL18;PGL19;PGL20;PGL21;PGL22;PGL23;PGL24;PGL25;PGO1;PGO2;PGO3;PGO4;PGO5;PGO6;PGO7;PGO8;PGO9;PGO10;PGO11;PGO12;PGO13;PGO14;PGO15;PGO16;PGO17;PGO18;PGO19;PGO20;PGO21;PGO22;PGO23;PGO24;PGO25;Mn1;Mn2;Mn3;Mn4;Mn5;Mn6;Mn7;Mn8;Mn9;Mn10;Mn11;Mn12;Mn13;Mn14;Mn15;Mn16;Mn17;Mn18;Mn19;Mn20;Mn21;Mn22;Mn23;Mn24;Mn25;Z1;Z2;Z3;Z4;Z5;Z6;Z7;Z8;Z9;Z10;Z11;Z12;Z13;Z14;Z15;Z16;Z17;Z18;Z19;Z20;Z21;Z22;Z23;Z24;Z25
1;WITEK Eløbieta Barbara;BORYS Piotr;LIPI—SKI Adam JÛzef;SEKU£A-SZMAJDZI—SKA Ma≥gorzata Helena;KUB”W Krzysztof Jan;CZERNOW Zofia;MACHA£EK Marzena Anna;ZUBOWSKI Wojciech Micha≥;KROPIWNICKI Robert;OBAZ Robert Marcin;ØUK Stanis≥aw Adam;SZYMA—SKA Ewa Zofia;DROZD Ewa;POGODA Szymon Marek;UTECHT Waldemar Arkadiusz;ZBRZYZNY Ryszard;BABUåKA Adam;KRAWCZYK Iwona Ma≥gorzata;MARCINIAK Wojciech;ZEMBIK Teresa;BARANOWSKA Dorota;FILACZY—SKA Kaja;RYPI—SKI JÛzef;SAMBORSKI Tadeusz;SIKORA Konrad Jerzy;2;1;1;1;4;2;3;5;3;2;1;6;5;10;1;4;8;4;11;7;7;3;9;2;9;parlamentarzysta;przedstawiciel w≥adzy samorzπdowej - radny;ekonomista;adwokat;parlamentarzysta;parlamentarzystka;parlamentarzysta;parlamentarzysta;parlamentarzysta;inøynier telekomunikacji;menedøer;bieg≥y rewident;parlamentarzystka;kierownik biura;politolog;inøynier gÛrnik;przedstawiciel w≥adzy samorzπdowej - Starosta;parlamentarzysta;filolog;nauczyciel informatyki/ technologii informacyjnej;nauczyciel;lekarka;fizyk;emeryt - historyk;urzÍdnik samorzπdowy;Jawor;Lubin;Warszawa;Warszawa;Lubin;Jelenia GÛra;Jelenia GÛra;G≥ogÛw;Legnica;Jelenia GÛra;ZawidÛw;Legnica;G≥ogÛw;Boles≥awiec;Sieradz;Osiek;Nowa Wieú Legnicka;CzadrÛw;Sobin;LubaÒ;Zgorzelec;Legnica;Jelenia GÛra;RogÛw Legnicki;Jelenia GÛra;46171;35064;33269;41480;23834;15761;22481;12868;14714;4205;7694;8930;9671;4876;6358;4107;3361;8081;3293;3284;5003;4045;3167;5703;3843;25,18;32,41;18,14;58,37;13;14,57;12,26;7,02;13,6;5,92;24,81;4,87;8,94;2,66;25,11;5,78;1,83;7,47;1,8;1,79;4,62;5,69;1,73;18,39;3,55;10,68;8,11;7,69;9,59;5,51;3,64;5,2;2,98;3,4;0,97;1,78;2,07;2,24;1,13;1,47;0,95;0,78;1,87;0,76;0,76;1,16;0,94;0,73;1,32;0,89;Tak;Tak;Tak;Tak;Tak;Tak;Tak;Tak;Tak;Tak;Tak;Tak;Nie;Nie;Nie;Nie;Nie;Nie;Nie;Nie;Nie;Nie;Nie;Nie;Nie;429;31;216;334;196;57;225;454;187;272;459;380;0;0;0;0;0;0;0;0;0;0;0;0;0
2;DWORCZYK Micha≥ Pawe≥;SIEMONIAK Tomasz;ZYSKA Ireneusz;WIELICHOWSKA Monika;GW”èDè Marcin Piotr;DYDUCH Marek;MRZYG£OCKA Izabela Katarzyna;MURDZEK Wojciech Piotr;GRZEGORZEWICZ Grzegorz S≥awomir;MITRASZEWSKI Tomasz £ukasz;GANCARZ Pawe≥ Jaros≥aw;SURMA Renata Lucyna;ONYåK”W Pawe≥;KOTARBA Mariusz;BADORA Maciej Adam;£AMBUCKI Roman;åWI£O Teresa;BIELAWSKA Zuzanna;GLAPI—SKI Rafa≥ Mariusz;WIERZBICKA Renata Teresa;LECH Kornelia Joanna;DEC Jerzy Grzegorz;IWANCZ Jacek Julian;MUCHA Beata Maria;RUDNICKI Jaros≥aw Jerzy;1;1;2;3;5;1;2;3;16;5;1;7;10;2;4;1;6;6;7;15;3;9;14;8;5;historyk;ekonomista;radca prawny;ekonomista;inøynier;przedsiÍbiorca;ekonomista;parlamentarzysta;prawnik;przedsiÍbiorca;wyøszy urzÍdnik samorzπdowy;wyøszy urzÍdnik samorzπdowy;urzÍdnik;wyk≥adowca akademicki;adwokat;ekonomista;emeryt;wyøszy urzÍdnik samorzπdowy;nauczyciel;administratywistka;pedagog;nauczyciel geografii;nauczyciel;pracownik administracji rzπdowej;ekonomista;Warszawa;Warszawa;åwiebodzice;Nowa Ruda;Zπbkowice ålπskie;Wroc≥aw;Wa≥brzych;åwidnica;Jaworzyna ålπska;DzierøoniÛw;Stoszowice;Stary WaliszÛw;Zπbkowice ålπskie;Wa≥brzych;Wa≥brzych;Stronie ålπskie;åwidnica;Pi≥awa GÛrna;Wa≥brzych;Wa≥brzych;åwidnica;BoøkÛw;åwidnica;Wa≥brzych;DzierøoniÛw;58426;45395;10688;15399;8049;14451;11987;6354;4168;4137;7615;3931;2219;6393;3683;6641;2085;3561;1677;3425;3390;2834;1614;2696;3194;50,93;49,99;9,32;16,96;7,02;41,34;13,2;5,54;3,63;4,56;37,1;3,43;2,44;18,29;3,21;43,28;2,3;3,1;1,85;2,99;9,7;2,47;1,78;2,35;15,56;20,65;16,04;3,78;5,44;2,84;5,11;4,24;2,25;1,47;1,46;2,69;1,39;0,78;2,26;1,3;2,35;0,74;1,26;0,59;1,21;1,2;1;0,57;0,95;1,13;Tak;Tak;Tak;Tak;Tak;Tak;Tak;Tak;Nie;Nie;Nie;Nie;Nie;Nie;Nie;Nie;Nie;Nie;Nie;Nie;Nie;Nie;Nie;Nie;Nie;71;341;456;424;126;72;254;259;0;0;0;0;0;0;0;0;0;0;0;0;0;0;0;0;0
3;STACHOWIAK-R”ØECKA Miros≥awa Agnieszka;SCHETYNA Grzegorz Juliusz;CZARNECKI Przemys≥aw Maksymilian;JAROS Micha≥;åMISZEK Krzysztof Jan;åWIAT Jacek;TRACZ Ma≥gorzata Eløbieta;HRENIAK Pawe≥ Marek;PIECHOTA S≥awomir Jan;DZIEMIANOWICZ-B•K Agnieszka Ewa;TUDUJ Krzysztof;SOIN Agnieszka Anna;MIESZKOWSKI Krzysztof;PROTASIEWICZ Jacek;J DRYSEK Mariusz Orion;AUGUSTYNOWSKA Joanna Wiktoria;STOØEK Marta Magdalena;DYTKO Piotr Jan;M£Y—CZAK Aldona Janina;BARTNIK Wojciech Stanis≥aw;G”RSKI Micha≥ Jakub;CALI—SKA-MAYER Ma≥gorzata Maria;SIKORA Arkadiusz;IWASZKIEWICZ Robert Jaros≥aw;HORODYSKA Anna Maria;1;1;4;3;1;3;2;2;4;28;1;8;7;1;7;6;2;9;5;12;10;5;3;2;8;pedagog;parlamentarzysta;parlamentarzysta;parlamentarzysta;prawnik;parlamentarzysta;specjalista do spraw szkoleÒ;ekonomista;radca prawny;pedagog;prawnik;parlamentarzysta;kulturoznawca;parlamentarzysta;nauczyciel akademicki - nauki o ziemi;ekonomista;filolog;prawnik;parlamentarzysta;sportowiec;przedsiÍbiorca;prawnik;ekonomista;inøynier budownictwa;urzÍdnik samorzπdowy;Wroc≥aw;Wroc≥aw;Wroc≥aw;Wroc≥aw;Warszawa;Wroc≥aw;Wroc≥aw;Wroc≥aw;Wroc≥aw;Wroc≥aw;PrÍøyce;Wroc≥aw;Wroc≥aw;Radomierzyce;Wroc≥aw;Wroc≥aw;Wroc≥aw;£ozina;Wroc≥aw;Oleúnica;Wroc≥aw;Wroc≥aw;Oleúnica;Wroc≥aw;Szczawin;91236;66859;19413;30196;43447;15537;28676;15166;14844;14257;19617;14716;13814;17618;12857;10804;10212;7863;10342;6512;5980;6342;8510;9427;5501;40,21;31,15;8,56;14,07;43,08;6,85;13,36;6,68;6,92;14,14;40,22;6,49;6,44;41,68;5,67;5,03;10,13;3,47;4,82;2,87;2,79;2,79;8,44;19,33;2,56;13,94;10,22;2,97;4,61;6,64;2,37;4,38;2,32;2,27;2,18;3;2,25;2,11;2,69;1,96;1,65;1,56;1,2;1,58;1;0,91;0,97;1,3;1,44;0,84;Tak;Tak;Tak;Tak;Tak;Tak;Tak;Tak;Tak;Tak;Tak;Tak;Tak;Tak;Nie;Nie;Nie;Nie;Nie;Nie;Nie;Nie;Nie;Nie;Nie;358;330;51;144;385;388;397;137;293;75;401;350;244;310;0;0;0;0;0;0;0;0;0;0;0
4;LATOS Tomasz Edward;ZWIEFKA Tadeusz Antoni;SCHREIBER £ukasz Pawe≥;OLSZEWSKI Pawe≥ Bartosz;GAWKOWSKI Krzysztof Kamil;KOZANECKA Ewa Eløbieta;£OåKO Magdalena;KOWNACKI Bartosz JÛzef;KURZAWA Dariusz;KOZ£OWSKA Iwona Maria;SZOPI—SKI Jan JÛzef;KR”L Piotr Marek;SYPNIEWSKI Marcin;POGODA Tadeusz Grzegorz;STACHOWIAK Ireneusz;WRO—SKI Marcin;SZCZ SNY Wojciech;JELENIEWSKI Marek Krzysztof;SZABELSKA Graøyna Edyta;SIKORA Krzysztof Gustaw;NITKIEWICZ Ireneusz Micha≥;KOWALIK Jerzy;STASI—SKI Micha≥ JÛzef;NOWAK Izabela Anna;WITKOWSKI Marek Leon;1;1;2;2;1;5;5;4;1;3;2;3;1;7;8;7;24;6;11;2;4;9;6;4;6;lekarz;prawnik;pose≥ na Sejm RP;ekonomista;nauczyciel akademicki - nauki humanistyczne;ekonomista;pedagog;adwokat;pracownik samorzπdowy;pedagog;ekonomista;politolog;prawnik;inøynier elektryk;politolog;inøynier rolnictwa;lekarz;prawnik;nauczyciel akademicki - nauki humanistyczne;fizyk;specjalista do spraw logistyki;pracownik administracji rzπdowej;prawnik;specjalista organizacji i zarzπdzania w ochronie zdrowia;pracownik administracji rzπdowej;Bydgoszcz;PoznaÒ;Bydgoszcz;Bydgoszcz;Wo≥omin;Bydgoszcz;Inowroc≥aw;Janki;Rzeszynek;Zabartowo;Bydgoszcz;Bydgoszcz;Morzewiec;åwiecie;Inowroc≥aw;Inowroc≥aw;OÊwieka;Bydgoszcz;Bydgoszcz;Bydgoszcz;Bydgoszcz;Tuchola;Bydgoszcz;Nowy Tomyúl;WiÍcbork;60132;39984;30053;35762;30859;13305;14407;12414;17648;9325;11821;10418;17873;8388;9432;6469;7774;5676;3645;2768;6378;2550;4559;4266;2514;35,89;27,99;17,94;25,04;44,23;7,94;10,09;7,41;42,53;6,53;16,94;6,22;55,15;5,87;5,63;3,86;5,44;8,14;2,18;6,67;4,47;1,52;3,19;6,11;1,5;13,07;8,69;6,53;7,77;6,71;2,89;3,13;2,7;3,84;2,03;2,57;2,26;3,89;1,82;2,05;1,41;1,69;1,23;0,79;0,6;1,39;0,55;0,99;0,93;0,55;Tak;Tak;Tak;Tak;Tak;Tak;Tak;Tak;Tak;Tak;Tak;Tak;Nie;Nie;Nie;Nie;Nie;Nie;Nie;Nie;Nie;Nie;Nie;Nie;Nie;209;455;333;277;95;178;224;177;204;180;374;188;0;0;0;0;0;0;0;0;0;0;0;0;0
5;ARDANOWSKI Jan Krzysztof;MYRCHA Arkadiusz;GEMBICKA Anna Urszula;SCHEURING-WIELGUS Joanna Izabela;BOROWIAK Joanna Beata;LENZ Tomasz;SZRAMKA Pawe≥;GIRZY—SKI Zbigniew;SZYMA—SKI Tomasz JÛzef;MICHA£EK Iwona Krystyna;KWIATKOWSKI Robert Artur;KA£UØNY Mariusz Piotr;HARTWICH Iwona;MENTZEN S≥awomir Jerzy;SOBECKA Anna Eløbieta;SOSNOWSKI Zbigniew;£UCZAK Krystian Marek;CZABA—SKI Krzysztof;KOWAL Piotr;DRAB Marzenna Stefania;TERMI—SKI Przemys≥aw Kazimierz;KOSI—SKI Krzysztof Roman;SKONIECZKA Marcin Seweryn;KOWAROWSKI £ukasz Mariusz;KLIMASZEWSKA-ANTOS Ewa Zofia;1;2;6;2;4;1;1;10;4;3;1;8;3;1;5;2;5;2;4;26;6;13;25;24;20;inøynier rolnictwa;radca prawny;pracownik administracji publicznej;socjolog;nauczyciel akademicki;historyk;specjalista do spraw logistyki;nauczyciel akademicki;pose≥ zawodowy;nauczyciel;przedsiÍbiorca;dyrektor generalny;sprzedawca;doradca podatkowy;nauczyciel;nauczyciel historii;archeolog;dziennikarz;specjalista ds. zintegrowanego systemu zarzπdzania;ekonomista;prawnik;instruktor higieny;ekonomista;urzÍdnik samorzπdowy;lekarz;Krobia;ToruÒ;W≥oc≥awek;ToruÒ;W≥oc≥awek;ToruÒ;Brodnica;ToruÒ;Grudziπdz;ToruÒ;Piaseczno;Che≥møa;ToruÒ;ToruÒ;ToruÒ;åwiedziebnia;W≥oc≥awek;Warszawa;W≥oc≥awek;Grudziπdz;Papowo ToruÒskie-Osieki;Grudziπdz;Wieldzπdz;Grudziπdz;Biskupice;76267;32439;15305;26092;15200;26044;14404;12293;11845;11130;13940;10984;10865;16892;9444;9839;10366;5413;9617;4326;4144;3885;3983;4347;2821;41,76;27,14;8,38;38,9;8,32;21,79;29,26;6,73;9,91;6,09;20,78;6,01;9,09;59,01;5,17;19,99;8,67;2,96;14,34;2,37;3,47;2,13;3,33;6,48;1,54;16,86;7,17;3,38;5,77;3,36;5,76;3,18;2,72;2,62;2,46;3,08;2,43;2,4;3,73;2,09;2,18;2,29;1,2;2,13;0,96;0,92;0,86;0,88;0,96;0,62;Tak;Tak;Tak;Tak;Tak;Tak;Tak;Tak;Tak;Tak;Tak;Tak;Tak;Nie;Nie;Nie;Nie;Nie;Nie;Nie;Nie;Nie;Nie;Nie;Nie;8;260;100;331;29;212;375;102;381;243;205;152;131;0;0;0;0;0;0;0;0;0;0;0;0
6;CZARNEK Przemys≥aw;TU£AJEW Sylwester Karol;MUCHA Joanna;SOBO— Artur;SKWAREK S≥awomir;MAS£OWSKA Gabriela;WCIS£O Marta Anna;CHOMA Kazimierz Bogus≥aw;£OPATA Jan Zbigniew;KANTHAK Jan Jakub;CZERNIAK Jacek Andrzej;KULESZA Jakub;BIELECKI Jerzy Feliks;KRAWCZYK Micha≥ Mateusz;SZULOWSKI Krzysztof;G£UCHOWSKI Krzysztof;SPRAWKA Lech Stanis≥aw;NAKONIECZNY Pawe≥ Krzysztof;KOWALCZYK Leszek;KOS Marek;BOGACKA Teresa;KA£ASKA Adam Krzysztof;D£UGOSZ Magdalena Anna;BABISZ Krzysztof;ZYBA£A Ewa;2;1;1;4;8;3;3;14;1;30;1;1;10;2;6;7;5;4;13;2;11;9;2;6;21;wyøszy urzÍdnik administracji rzπdowej;informatyk;ekonomistka;parlamentarzysta;parlamentarzysta;parlamentarzysta;przedstawiciel w≥adzy samorzπdowej;urzÍdnik paÒstwowy;parlamentarzysta;prawnik;politolog;konsultant do spraw systemÛw teleinformatycznych;parlamentarzysta;przedstawiciel w≥adzy samorzπdowej;lekarz weterynarii;parlamentarzysta;parlamentarzysta;przedsiÍbiorca;przedstawiciel w≥adzy samorzπdowej;lekarz medycyny;kanclerz wyøszej uczelni;przedsiÍbiorca;nauczycielka akademicka;nauczyciel;przedstawiciel w≥adzy samorzπdowej;Natalin;Lublin;Lublin;åwidnik;AdamÛw;Lublin;Lublin;Kraúnik;Motycz;GdaÒsk;Lublin;Pu≥awy;JanÛw Lubelski;Lublin;Janowiec;AleksandrÛw;Uniszowice;Go≥πb;Ryki;Kraúnik;Lublin;Ryki;Lublin;Kraúnik;LisÛw;87343;54915;57577;28381;15544;14446;15062;13777;13346;12803;17720;24406;10286;8408;9764;8406;7103;4123;6020;6145;5777;5672;9824;3008;5559;27,88;17,53;52,73;9,06;4,96;4,61;13,79;4,4;25,93;4,09;40,13;61;3,28;7,7;3,12;2,68;2,27;3,78;1,92;11,94;1,84;1,81;22,25;2,75;1,77;15,44;9,71;10,18;5,02;2,75;2,55;2,66;2,44;2,36;2,26;3,13;4,32;1,82;1,49;1,73;1,49;1,26;0,73;1,06;1,09;1,02;1;1,74;0,53;0,98;Tak;Tak;Tak;Tak;Tak;Tak;Tak;Tak;Tak;Tak;Tak;Tak;Tak;Tak;Tak;Nie;Nie;Nie;Nie;Nie;Nie;Nie;Nie;Nie;Nie;53;402;255;349;345;236;419;42;223;155;56;201;23;185;376;0;0;0;0;0;0;0;0;0;0
7;SASIN Jacek Robert;ZAWIåLAK S≥awomir;DUSZEK Marcin Kamil;STEFANIUK Dariusz Pawe≥;HAIDAR Riad;D•BROWSKA-BANASZEK Anna;SACHAJKO Jaros≥aw;ZIELI—SKI Tomasz Andrzej;HA£AS Teresa;STRZA£KA Beata Ma≥gorzata;GRABCZUK Krzysztof;PAW£OWSKA Monika Jolanta;ROMANOWSKI Marcin;SKIBA Leszek Marcin;BRATKOWSKI Arkadiusz Tomasz;TUMANOWICZ Witold S≥awomir;GA£ASZKIEWICZ Krzysztof Jan;KUSIAK-JANIEC Anna;ØMIJAN Stanis≥aw;CICHOSZ Lucjan;ZA—KO Mariusz Artur;SZWAJ Jerzy Ryszard;LITWINIUK Przemys≥aw;GMYZ Maria;ZWOLAK Rafa≥ Mariusz;1;2;3;6;1;24;1;5;4;13;4;1;7;10;2;1;14;16;2;8;20;17;3;11;6;urzÍdnik;parlamentarzysta;parlamentarzysta;wyøszy urzÍdnik samorzπdowy;lekarz medycyny;lekarz medycyny;ekonomista;parlamentarzysta;parlamentarzysta;przedstawiciel w≥adzy samorzπdowej;nauczyciel akademicki;specjalista do spraw stosunkÛw miÍdzynarodowych;prawnik;ekonomista;nauczyciel przedmiotÛw zawodowych technicznych;grafik komputerowy;inøynier rolnictwa;urzÍdnik;inøynier budownictwa;lekarz weterynarii;prawnik;lekarz weterynarii;radca prawny;przedstawiciel w≥adzy samorzπdowej;socjolog;Zπbki;P≥oskie;MiÍdzyrzec Podlaski;Bia≥a Podlaska;Bia≥a Podlaska;Che≥m;ZamoúÊ;TomaszÛw Lubelski;Topola;Bi≥goraj;Che≥m;Bia≥a Podlaska;Bi≥goraj;Warszawa;Miπczyn Stacja;Lublin;HoryszÛw Stara Kolonia;HrubieszÛw;MiÍdzyrzec Podlaski;ØÛ≥kiew Kolonia;W≥odawa;Parczew;MiÍdzyrzec Podlaski;ZamoúÊ;ZamoúÊ;91241;24346;16017;15070;21483;13787;10651;10207;8622;7785;15452;12916;7436;6007;6215;10487;5211;4412;6621;4128;3647;2936;5409;2918;4811;38,21;10,2;6,71;6,31;36,17;5,77;22,37;4,27;3,61;3,26;26,01;47,13;3,11;2,52;13,06;44,74;2,18;1,85;11,15;1,73;1,53;1,23;11,36;1,22;8,1;22,74;6,07;3,99;3,76;5,35;3,44;2,65;2,54;2,15;1,94;3,85;3,22;1,85;1,5;1,55;2,61;1,3;1,1;1,65;1,03;0,91;0,73;1,35;0,73;1,2;Tak;Tak;Tak;Tak;Tak;Tak;Tak;Tak;Tak;Tak;Tak;Tak;Nie;Nie;Nie;Nie;Nie;Nie;Nie;Nie;Nie;Nie;Nie;Nie;Nie;328;444;70;359;127;62;325;450;128;361;118;289;0;0;0;0;0;0;0;0;0;0;0;0;0
8;AST Marek;S£UGOCKI Waldemar Jan;DAJCZAK W≥adys≥aw;ANIåKO Tomasz Witold;KUCHARSKA-DZIEDZIC Anita Agnieszka;FEDAK Jolanta Beata;MATERNA Jerzy Marian;SIBI—SKA Krystyna Mieczys≥awa;P£ONKA Eløbieta Teresa;OSOS Katarzyna;WONTOR Bogus≥aw Tadeusz;KAMI—SKI Krystian Patryk;KURZ PA Jacek S≥awomir;PAHL Witold;MEJZA £ukasz;PIE—KOWSKI Sebastian;WIERCHOWICZ Jerzy;RUSZKOWSKA Adrianna;RAFALSKI Tomasz Rafa≥;KUCHARSKI Tomasz Bogus≥aw;PORWICH Jaros≥aw;JAB£O—SKI Marcin Artur;STOJANOWSKI Artur;TOMCZYSZYN Stanis≥aw;BARCZAK Piotr;1;2;2;1;1;1;3;3;4;4;2;1;5;8;24;24;5;3;13;6;15;7;4;6;9;radca prawny;nauczyciel akademicki;wyøszy urzÍdnik paÒstwowy;architekt krajobrazu;nauczycielka akademicka-nauki humanistyczne;politolog;inøynier budownictwa ogÛlnego;pose≥;lekarz medycyny rodzinnej;radca prawny;ekonomista;przedsiÍbiorca;nauczyciel akademicki;radca prawny;przedsiÍbiorca;inøynier ochrony úrodowiska;adwokat;psycholog;politolog;pracownik samorzπdowy;specjalista administracji publicznej;menadøer;inøynier;nauczyciel;dyrektor generalny;Wschowa;Zielona GÛra;Strzelce KrajeÒskie;Oúno Lubuskie;Zielona GÛra;Zielona GÛra;Zielona GÛra;ChwalÍcice;GorzÛw Wielkopolski;£agÛw;SulechÛw;Zielona GÛra;Krosno OdrzaÒskie;ChwalÍcice;£agÛw;GorzÛw Wielkopolski;GorzÛw Wielkopolski;Zielona GÛra;GorzÛw Wielkopolski;GorzÛw Wielkopolski;GorzÛw Wielkopolski;S≥ubice;Pyrzany;ChotkÛw;Zielona GÛra;36073;29580;27393;23870;30581;13792;22729;16089;10918;11619;18950;14251;8057;6873;10490;6261;6872;2223;4951;6767;4280;6141;1956;3150;4180;24,02;21,6;18,24;17,43;44,75;27,07;15,13;11,75;7,27;8,48;27,73;45,26;5,36;5,02;20,59;4,17;5,02;3,25;3,3;4,94;2,85;4,48;2,86;6,18;2,78;8,24;6,75;6,26;5,45;6,98;3,15;5,19;3,67;2,49;2,65;4,33;3,25;1,84;1,57;2,4;1,43;1,57;0,51;1,13;1,55;0,98;1,4;0,45;0,72;0,95;Tak;Tak;Tak;Tak;Tak;Tak;Tak;Tak;Tak;Tak;Tak;Tak;Nie;Nie;Nie;Nie;Nie;Nie;Nie;Nie;Nie;Nie;Nie;Nie;Nie;10;346;61;7;197;81;237;339;300;279;433;153;0;0;0;0;0;0;0;0;0;0;0;0;0
9;ZIMOCH Tomasz Franciszek;BUDA Waldemar Grzegorz;TRELA Tomasz Dominik;PI•TKOWSKI Krzysztof Mariusz;GLI—SKI Piotr Tadeusz;åLEDZI—SKA-KATARASI—SKA Iwona Eløbieta;TOMASZEWSKI W≥odzimierz;GILL-PI•TEK Hanna Beata;NIEMCZYK Ma≥gorzata Barbara;RAU Zbigniew W≥odzimierz;GO£ASZEWSKI Marcin £ukasz;KWIATKOWSKI Micha≥ Wojciech;GRABARCZYK Tomasz Micha≥;SASIN Roman;BONIS£AWSKI Ryszard Wies≥aw;KACZOROWSKA Alicja Graøyna;KACPRZAK Tomasz Piotr;PAW£OWSKI Sylwester Stefan;ADAMCZYK Piotr;BI—CZYCKA Eløbieta;GA£KIEWICZ Magdalena Anna;CIEPLUCHA Piotr Pawe≥;BORS Piotr Marcin;KOBYLI—SKA Agata;FISIAK W≥odzimierz;1;3;1;2;1;3;20;2;4;2;5;3;1;7;20;6;6;4;4;1;8;8;20;7;5;dziennikarz;prawnik;ekonomista;historyk;nauczyciel akademicki;dziennikarz;pedagog;specjalista do spraw konsultingu;ekonomista;prawnik;nauczyciel akademicki;dziennikarz;politolog;ekonomista;filolog;lekarz;prawnik;historyk;pedagog;teatrolog;programista aplikacji;wyøszy urzÍdnik administracji rzπdowej;socjolog;pedagog;przedstawiciel w≥adzy samorzπdowej;£Ûdü;£Ûdü;£Ûdü;£Ûdü;Warszawa;£Ûdü;£Ûdü;£Ûdü;£Ûdü;Grotniki;£Ûdü;£Ûdü;£Ûdü;Brzeziny;£Ûdü;£Ûdü;£Ûdü;£Ûdü;£Ûdü;KrakÛw;£Ûdü;£Ûdü;£Ûdü;£Ûdü;£Ûdü;47648;50114;40811;25663;43626;17254;6884;14422;13421;6833;13253;6319;13137;5735;9862;4662;4038;3120;3420;6032;3718;3202;2531;2488;2092;32,02;36,65;48,86;17,24;31,91;11,59;5,03;17,27;9,02;5;8,9;7,57;47,55;4,19;6,63;3,41;2,71;3,74;2,5;32,04;2,5;2,34;3,03;1,67;1,53;11,47;12,06;9,82;6,18;10,5;4,15;1,66;3,47;3,23;1,64;3,19;1,52;3,16;1,38;2,37;1,12;0,97;0,75;0,82;1,45;0,89;0,77;0,61;0,6;0,5;Tak;Tak;Tak;Tak;Tak;Tak;Tak;Tak;Tak;Tak;Nie;Nie;Nie;Nie;Nie;Nie;Nie;Nie;Nie;Nie;Nie;Nie;Nie;Nie;Nie;452;35;398;291;105;384;394;101;264;313;0;0;0;0;0;0;0;0;0;0;0;0;0;0;0
10;MACIEREWICZ Antoni;TELUS Robert;WOJCIECHOWSKI Grzegorz Micha≥;GRABARCZYK Cezary Stanis≥aw;MILCZANOWSKA Anna Maria;LOREK Grzegorz Andrzej;SOWI—SKA Anita Katarzyna;KLIMCZAK Dariusz;JANOWSKA Ma≥gorzata Monika;SA£EK Pawe≥;SP”LNICKA Magdalena Sylwia;KUBIAK Dariusz Jan;MARJAN Patryk Piotr;WENDROWSKA Ewa Beata;WOJCIECHOWSKA Martyna Olga;OSTROWSKI Artur Zygmunt;£UCZKOWSKI Tomasz;RUTKOWSKA Dorota;CIECI”RA Krzysztof Jan;DR”ØDØ Beata Zofia;MACIEJEWSKI Krzysztof;ZIEMBA Zbigniew Jan;KLATKA Barbara Ewa;OZGA-FLEJSZER Beata Ewa;ROZPARA Tadeusz;1;3;2;1;4;6;1;1;10;14;2;7;1;8;13;2;2;3;18;5;9;17;4;11;4;historyk;rolnik;rolnik;adwokat;pedagog;parlamentarzysta;ekonomistka;historyk;ekonomista;wyøszy urzÍdnik paÒstwowy;farmaceuta;parlamentarzysta;gÛrnik;lekarz - specjalista dermatologii i wenerologii;specjalista administracji publicznej;nauczyciel;dziennikarz;socjolog;wyøszy urzÍdnik paÒstwowy;dyrektor generalny;parlamentarzysta;nauczyciel historii;menedøer sportu;rolnik upraw mieszanych;radca prawny;Warszawa;OstrÛw;RegnÛw;£Ûdü;Radomsko;PiotrkÛw Trybunalski;£Ûdü;Kaliszki;Be≥chatÛw;MakÛw;Radomsko;Be≥chatÛw;Be≥chatÛw;TomaszÛw Mazowiecki;Osiedle NiewiadÛw;PiotrkÛw Trybunalski;Opoczno;Skierniewice;Radomsko;PiotrkÛw Trybunalski;Radomsko;Wola Krzysztoporska;TomaszÛw Mazowiecki;Skierniewice;Be≥chatÛw;31280;27254;25575;16357;20451;18238;13023;15977;11599;9432;11790;8139;12875;7272;6724;11518;6184;7303;5906;5439;4169;3630;5879;3571;2511;16,07;14;13,14;30,2;10,51;9,37;34,33;44,2;5,96;4,85;21,77;4,18;54,96;3,74;3,45;30,37;17,11;13,48;3,03;2,79;2,14;1,86;10,85;1,83;6,62;9,03;7,87;7,38;4,72;5,91;5,27;3,76;4,61;3,35;2,72;3,4;2,35;3,72;2,1;1,94;3,33;1,79;2,11;1,71;1,57;1,2;1,05;1,7;1,03;0,73;Tak;Tak;Tak;Tak;Tak;Tak;Tak;Tak;Tak;Nie;Nie;Nie;Nie;Nie;Nie;Nie;Nie;Nie;Nie;Nie;Nie;Nie;Nie;Nie;Nie;227;391;430;117;245;218;355;160;142;0;0;0;0;0;0;0;0;0;0;0;0;0;0;0;0
11;LICHOCKA Joanna Katarzyna;POLAK Piotr Stanis≥aw;TOMCZYK Cezary JÛzef;RYCHLIK Pawe≥ Piotr;RZYMKOWSKI Tomasz Piotr;MATYSIAK Paulina;BEJDA Pawe≥ Jan;JO—SKI Dariusz;WOèNIAK Tadeusz Jacek;MATUSZEWSKI Marek;MATEUSIAK-PIELUCHA Beata Anna;HANAJCZYK Agnieszka Ma≥gorzata;CIEBIADA Krzysztof;OLEJNICZAK Cezary Roman;WALCZAK Izabela Anna;WIECZOREK Iwona Ma≥gorzata;ZI BA-GZIK Jolanta;R•KOWSKI Krzysztof Gabor;WOJCIECHOWSKI Waldemar Jan;KALETA Pawe≥ Tomasz;G”RCZY—SKI Andrzej Robert;OWCZAREK Andrzej;GRYGLEWSKI Marek JÛzef;KO£OSZCZYK Olga Anna;RZYMKOWSKA Ewa;1;2;1;7;6;1;1;2;3;8;4;3;5;2;1;9;2;4;24;23;10;5;24;14;11;dziennikarz;parlamentarzysta;politolog;farmaceuta;prawnik;kierownik dzia≥u finansowego;inøynier mechanik;ekonomista;historyk;parlamentarzysta;parlamentarzysta;prawnik;parlamentarzysta;rolnik;wyk≥adowca akademicki;nauczyciel akademicki;pedagog;specjalista ds. funduszy unijnych;rolnik;historyk;inøynier rolnik;historyk;pracownik administracji;dyrektor ds. administracyjnych;prawnik;Warszawa;Grabinka;Sieradz;WieluÒ;Kutno;Kutno;£owicz;£Ûdü;Mieczys≥awÛw;Zgierz;Posmykowizna;Be≥dÛw;Pabianice;Stary Waliszew;£Ûdü;Zgierz;ZduÒska Wola;Pabianice;Wicie;Che≥mce;Wola Ka≥kowa;OstrÛw-Osiedle;Pabianice;Maciszewice;Kutno;45823;34056;44217;25246;20752;16757;14161;11999;17923;13392;13030;10535;10770;14575;12079;9147;7096;5742;8475;5574;4181;4741;3876;3797;3254;19,99;14,86;46,91;11,01;9,05;30,4;29,89;12,73;7,82;5,84;5,68;11,18;4,7;26,44;44,65;3,99;14,98;6,09;3,7;2,43;1,82;5,03;7,03;1,66;1,42;9,96;7,4;9,61;5,49;4,51;3,64;3,08;2,61;3,89;2,91;2,83;2,29;2,34;3,17;2,62;1,99;1,54;1,25;1,84;1,21;0,91;1,03;0,84;0,83;0,71;Tak;Tak;Tak;Tak;Tak;Tak;Tak;Tak;Tak;Tak;Tak;Tak;Nie;Nie;Nie;Nie;Nie;Nie;Nie;Nie;Nie;Nie;Nie;Nie;Nie;214;303;396;321;324;242;20;146;436;240;238;129;0;0;0;0;0;0;0;0;0;0;0;0;0
12;BOCHENEK Rafa≥ Pawe≥;POLAK Marek W≥adys≥aw;NIEDZIELA Dorota;KACZY—SKI Filip Roman;FILIPIAK Ewa Maria;SOWA Marek Jan;KOZIK Krzysztof Janusz;KUROWSKI W≥adys≥aw Micha≥;åMIA£EK Ryszard Kazimierz;BRYNKUS JÛzef;POTOCKI Adam Kajetan;HAJOS S≥awomir Pawe≥;WILCZY—SKI Bartosz;BIERNAT Zbigniew Stanis≥aw;GIBAS Iwona JÛzefa;STYCZE— Adam Tomasz;DUDA Roman Wincenty;STARZEC Zbigniew W≥adys≥aw;KLINOWSKI Mateusz Micha≥;MAJKA Jolanta Maria;W”JTOWICZ Katarzyna Ma≥gorzata;TROJANOWSKA Graøyna;KA£A JÛzef;W•TROBA Ewa Beata;KASPRZYCKA Stanis≥awa Marzena;1;2;1;12;4;2;5;7;1;1;3;6;1;3;9;4;16;8;5;11;2;15;2;6;14;prawnik;parlamentarzysta;lekarz weterynarii;politolog;parlamentarzysta;ekonomista;inøynier gÛrnik gÛrnictwo podziemne;wyøszy urzÍdnik samorzπdowy;dyrektor finansowy;nauczyciel akademicki;prawnik;parlamentarzysta;inøynier automatyki i robotyki;parlamentarzysta;specjalista do spraw zarzπdzania i organizacji;menadøer ochrony zdrowia;przedsiÍbiorca;wyøszy urzÍdnik paÒstwowy;wyk≥adowca akademicki;ogrodnik;pedagog;ekonomista;inøynier hutnik;przedsiÍbiorca;dyrektor szko≥y;Strumiany;AndrychÛw;KÍty;Wadowice;Klecza Dolna;Bobrek;Libiπø;Jawornik;KrakÛw;Wadowice;ChrzanÛw;Zawoja;KrakÛw;Zator;Brzeszcze;Myúlenice;KrakÛw;OúwiÍcim;Wadowice;Zegartowice;KrakÛw;ChrzanÛw;Polanka Wielka;AndrychÛw;Lipnik;46816;16130;22013;14731;14010;18597;12460;10525;10695;8122;9820;10435;11709;9125;7961;4811;6963;5676;4541;4326;4083;3843;3904;1925;3134;27,68;9,54;30,21;8,71;8,28;25,52;7,37;6,22;39,75;32,49;13,48;6,17;52,43;5,4;4,71;6,6;4,12;3,36;6,23;2,56;15,17;2,27;15,62;2,64;1,85;14,81;5,1;6,96;4,66;4,43;5,88;3,94;3,33;3,38;2,57;3,11;3,3;3,7;2,89;2,52;1,52;2,2;1,79;1,44;1,37;1,29;1,22;1,23;0,61;0,99;Tak;Tak;Tak;Tak;Tak;Tak;Tak;Tak;Nie;Nie;Nie;Nie;Nie;Nie;Nie;Nie;Nie;Nie;Nie;Nie;Nie;Nie;Nie;Nie;Nie;27;302;263;148;83;354;179;203;0;0;0;0;0;0;0;0;0;0;0;0;0;0;0;0;0
13;WASSERMANN Ma≥gorzata Ewa;KOWAL Pawe≥ Robert;ADAMCZYK Andrzej Mieczys≥aw;RAå Ireneusz Jacek;GOWIN Jaros≥aw Adam;GDULA Maciej Roman;SONIK Bogus≥aw Andrzej;OSUCH Jacek Piotr;BERKOWICZ Konrad Szczepan;TERLECKI Ryszard Iwon;MISZALSKI Aleksander Jan;åCIGAJ Agnieszka;DUDA Eløbieta;GOSEK-POPIO£EK Daria Iwona;G•DEK Lidia Stanis≥awa;BUBULA Barbara Ewa;LASSOTA JÛzef;∆WIK Piotr Krzysztof;ZIOBRO Jan Pawe≥;LIPIEC Grzegorz Cezary;LIPI—SKA-PIEKARSKA Joanna Olszyna;KUPIEC Kamil Dawid;GAMROT Piotr Tadeusz;MEYSZTOWICZ Jerzy Witold;KEMPF Piotr Marek;1;1;3;6;28;1;8;5;1;2;3;1;7;2;4;4;7;6;10;2;3;2;9;28;2;adwokat;nauczyciel akademicki;parlamentarzysta;historyk;nauczyciel akademicki;socjolog;prawnik;parlamentarzysta;programista;wyk≥adowca akademicki;przedsiÍbiorca;socjolog;parlamentarzysta;kierowniczka domu kultury;lekarz;filolog polski;pose≥;nauczyciel;ekonomista;politolog;urzÍdnik samorzπdowy;przedsiÍbiorca;dyrektor domu kultury;przedsiÍbiorca;inøynier leúnictwa;KrakÛw;Warszawa;Krzeszowice;KrakÛw;KrakÛw;Warszawa;KrakÛw;Olkusz;KrakÛw;KrakÛw;KrakÛw;Kolbark;Ska≥a;KrakÛw;Lgota Wolbromska;KrakÛw;KrakÛw;Borek Szlachecki;Zakrzowiec;KrakÛw;KrakÛw;KrakÛw;Wolbrom;KrakÛw;KrakÛw;140692;76720;29686;18203;15802;35279;17465;12150;36428;10327;15987;20877;8298;17488;14673;7909;13930;7244;4932;9539;5059;2927;4452;8253;4447;54,78;38,76;11,56;9,2;6,15;41,77;8,82;4,73;70,25;4,02;8,08;44,21;3,23;20,71;7,41;3,08;7,04;2,82;1,92;4,82;5,99;5,64;1,73;4,17;9,42;21,67;11,82;4,57;2,8;2,43;5,43;2,69;1,87;5,61;1,59;2,46;3,22;1,28;2,69;2,26;1,22;2,15;1,12;0,76;1,47;0,78;0,45;0,69;1,27;0,68;Tak;Tak;Tak;Tak;Tak;Tak;Tak;Tak;Tak;Tak;Tak;Tak;Tak;Tak;Nie;Nie;Nie;Nie;Nie;Nie;Nie;Nie;Nie;Nie;Nie;416;174;1;312;114;98;351;280;21;392;248;383;68;112;0;0;0;0;0;0;0;0;0;0;0
14;MULARCZYK Arkadiusz;BARTUå Barbara Halina;SIARKA Edward;PALUCH Anna;MARCZU£AJTIS-WALCZAK Jagna Kinga;JANCZYK Wies≥aw Stanis≥aw;GUT-MOSTOWY Andrzej JÛzef;DUDA Jan Wies≥aw;WICHER Patryk Tomasz;NOWOG”RSKA Urszula Teresa;ZIELI—SKA Eløbieta Joanna;SKUPIE— Andrzej;CZERWI—SKI Andrzej Stanis≥aw;LEåNIAK JÛzef Krzysztof;BOCHE—SKI Jakub JÛzef;BIEDRO— Grzegorz Janusz;FILIPIAK Ewa;ZUBEK Marcin Marian;PICZURA Jan;KOCHAN Witold Zygmunt;PARUCH Zygmunt Jan;LEKSANDER Bartosz;ADAMCZYK Marta;PASO— Stanis≥aw Wojciech;NIKA Zofia;1;3;5;2;1;4;9;7;11;1;12;1;2;6;1;10;14;20;8;4;18;19;17;20;13;parlamentarzysta;prawnik;parlamentarzysta;parlamentarzysta;trener sportowy;parlamentarzysta;menadøer;parlamentarzysta;menadøer;pracownik samorzπdowy;politolog;audytor systemÛw informatycznych;inøynier elektryk;parlamentarzysta;ekonomista;nauczyciel;ekonomista;stolarz;ekonomista;socjolog;energetyk;inøynier úrodowiska;dyrektor marketingu;technik mechanizacji rolnictwa;nauczyciel;Nowy Sπcz;Lipinki;Podsarnie;Kroúcienko nad Dunajcem;Poronin;MÍcina;Zakopane;RdziostÛw;Nowy Sπcz;åwidnik;Kobylanka;Bia≥y Dunajec;Nowy Sπcz;Ma≥a Wieú;Podrzecze;Limanowa;Kasinka Ma≥a;Zakopane;WitÛw;Gorlice;RoønÛw;Spytkowice;Milik;Moszczenica Niøna;£yczana;72660;23468;21561;20908;21968;16305;12437;11579;10900;11499;7999;12889;12502;7950;15204;7692;7468;5101;4433;4667;2971;2525;2179;2693;2044;29,83;9,63;8,85;8,58;42,92;6,69;5,11;4,75;4,47;42,27;3,28;50,06;24,43;3,26;67,62;3,16;3,07;2,09;1,82;9,12;1,22;1,04;0,89;9,9;0,84;19,63;6,34;5,82;5,65;5,93;4,4;3,36;3,13;2,94;3,11;2,16;3,48;3,38;2,15;4,11;2,08;2,02;1,38;1,2;1,26;0,8;0,68;0,59;0,73;0,55;Tak;Tak;Tak;Tak;Tak;Tak;Tak;Tak;Tak;Tak;Nie;Nie;Nie;Nie;Nie;Nie;Nie;Nie;Nie;Nie;Nie;Nie;Nie;Nie;Nie;256;17;337;282;235;141;124;69;422;270;0;0;0;0;0;0;0;0;0;0;0;0;0;0;0
15;PIECZARKA Anna Maria;SZCZUREK-ØELAZKO JÛzefa;RUSECKA Urszula Beata;KRAJEWSKI Wies≥aw;AUGUSTYN Urszula Danuta;KOSINIAK-KAMYSZ W≥adys≥aw Marcin;BUKOWIEC Stanis≥aw Marcin;KACZMARCZYK Norbert Jakub;SAK Piotr Pawe≥;WOJTKIEWICZ Micha≥ Jan;KWAåNIAK Czes≥aw Alfred;WARDZA£A Robert Marian;SORYS Stanis≥aw Andrzej;ZAJ•C Mariusz Artur;SKRUCH Wojciech;JAB£O—SKI Jacek Andrzej;CZECH Anna Ma≥gorzata;SORYS Jaros≥aw Jan;PANKIEWICZ Lech Jerzy;KOPCZY—SKA Magdalena Anna;KORDULA Joanna Ewa;WAJDA Piotr;JACEWICZ Celina Joanna;JAåKO Ma≥gorzata Anna;MACO— Rados≥aw Micha≥;1;2;4;5;1;1;8;10;6;3;1;2;3;9;18;1;7;11;4;15;2;12;13;14;2;przedstawiciel w≥adzy samorzπdowej;menedøer ochrony zdrowia;parlamentarzysta;parlamentarzysta;pose≥;lekarz medycyny;przedsiÍbiorca;parlamentarzysta;adwokat;parlamentarzysta;ekonomista;menedøer;nauczyciel akademicki;pedagog resocjalizacji;samorzπdowiec;przedsiÍbiorca;dyrektor generalny;kierownik magazynu;lekarz weterynarii;ogrodnik;ksiÍgowa;kierownik biura rachunkowego;nauczyciel;nauczyciel;inøynier geodeta;Koszyce Wielkie;MystkÛw;Wieliczka;Dπbrowa Tarnowska;TarnÛw;KrakÛw;Bochnia;CzajÍczyce;TarnÛw;TuchÛw;TarnÛw;TarnÛw;Pleúna;Bochnia;TuchÛw;TarnÛw;TarnÛw;Jadowniki;Wieliczka;PogÛrska Wola;Wieliczka;GdÛw;Wolica;TarnÛw;Bochnia;75220;25323;18321;16719;20120;33784;12449;12164;9855;8152;10908;10019;1558;6738;6445;9956;5769;3023;3989;1938;1229;1628;985;882;3166;36,37;12,24;8,86;8,08;41,4;72,92;6,02;5,88;4,76;3,94;44,17;20,62;3,36;3,26;3,12;48,29;2,79;1,46;8,21;0,94;2,65;0,79;0,48;0,43;12,82;21,67;7,3;5,28;4,82;5,8;9,73;3,59;3,5;2,84;2,35;3,14;2,89;0,45;1,94;1,86;2,87;1,66;0,87;1,15;0,56;0,35;0,47;0,28;0,25;0,91;Tak;Tak;Tak;Tak;Tak;Tak;Tak;Tak;Tak;Nie;Nie;Nie;Nie;Nie;Nie;Nie;Nie;Nie;Nie;Nie;Nie;Nie;Nie;Nie;Nie;295;369;317;183;11;169;37;147;326;0;0;0;0;0;0;0;0;0;0;0;0;0;0;0;0
16;SZUMOWSKI £ukasz Jan;MA£ECKI Maciej;OZDOBA Jacek Dawid;KIERWI—SKI Marcin Piotr;ZGORZELSKI Piotr;W•SIK Maciej Roman;OPIO£A Marek;IWANIAK Arkadiusz;CICHOLSKA Anna Ewa;GAPI—SKA Eløbieta Teresa;ORLI—SKI Miros≥aw Adam;OLEJNICZAK Waldemar Ryszard;ROMANOWSKI Rafa≥;KULPA Wioletta Maria;RUSINOWSKA Beata Ma≥gorzata;BIE—KOWSKI Krzysztof;USI•DEK Pawe≥;WOJNAROWSKI Konrad;KO£AKOWSKI Robert Jerzy;LINOWSKA Ma≥gorzata;KARPI—SKA Jolanta;KRZEMI—SKI Adam;HUMI CKI Waldemar Pawe≥;SZCZEPANKOWSKI Zenon;CHOI—SKI £ukasz;1;2;9;1;1;3;4;1;5;2;2;6;8;14;3;10;1;3;7;4;19;4;20;4;16;lekarz - specjalista kardiolog;historyk;przedstawiciel w≥adzy samorzπdowej;inøynier elektronik;parlamentarzysta;archeolog;politolog;ekonomista;parlamentarzysta;pedagog;prawnik;parlamentarzysta;polityk;kierownik marketingu;pedagog;ekonomista;analityk finansowy;prawnik;parlamentarzysta;nauczyciel chemii;specjalista bankowoúci;nauczyciel matematyki;prezes;nauczyciel fizyki i astronomii;wyøszy urzÍdnik samorzπdowy;Warszawa;Sochaczew;Warszawa;Warszawa;Zπgoty;Warszawa;Warszawa;P≥ock;Regimin;P≥ock;Sochaczew;Sierpc;MakÛw Mazowiecki;P≥ock;ØyrardÛw;Przasnysz;Warszawa;Nosarzewo Borowe;CiechanÛw;ØyrardÛw;Nowa S≥awogÛra;CiechanÛw;Warszawa;Chorzele;ØyrardÛw;35798;34086;17873;30013;16775;14280;14111;15098;13133;10905;8826;10327;9905;9487;4751;7651;9099;4242;5956;2846;4728;3508;2735;4137;2486;18,42;17,54;9,2;48,08;29,83;7,35;7,26;46,53;6,76;17,47;15,7;5,31;5,1;4,88;7,61;3,94;46,89;7,54;3,06;8,77;2,43;5,62;1,41;7,36;1,28;9,66;9,2;4,82;8,1;4,53;3,85;3,81;4,07;3,54;2,94;2,38;2,79;2,67;2,56;1,28;2,06;2,46;1,14;1,61;0,77;1,28;0,95;0,74;1,12;0,67;Tak;Tak;Tak;Tak;Tak;Tak;Tak;Tak;Tak;Tak;Nie;Nie;Nie;Nie;Nie;Nie;Nie;Nie;Nie;Nie;Nie;Nie;Nie;Nie;Nie;378;233;281;159;446;418;278;138;45;92;0;0;0;0;0;0;0;0;0;0;0;0;0;0;0
17;SUSKI Marek;FOGIEL Rados≥aw Aleksander;KWIECIE— Anna;KLUZIK-ROSTKOWSKA Joanna Graøyna;KOSZTOWNIAK Andrzej Tomasz;B•K Dariusz;MALISZEWSKI Miros≥aw Wojciech;G”RSKA Agnieszka Beata;FRYSZTAK Konrad Miros≥aw;BIA£ECKA Ewa;FAJDEK Patryk;MIERZEJEWSKI £ukasz;£UKASIEWICZ Marcin Wojciech;SZEWCZYK Marek Wac≥aw;REJCZAK Jan;BIA£KOWSKA Anna Maria;KO£AGA Kinga Anna;JAWORSKA Bogus≥awa Janina;MARGAS Leszek Tadeusz;STRZEØEK Jan Longin;RUSZCZYK Leszek Jan;BUREK Karol;DZIUBA Mariusz Jakub;SITARSKI Ireneusz Robert;MARKOWSKA-BZDUCHA Ewa Iwona;1;2;3;1;4;5;1;7;5;6;1;16;17;1;8;3;14;3;10;18;2;13;15;2;9;polityk - sekretarz stanu;przedstawiciel w≥adzy samorzπdowej;ekonomista;dziennikarz;ekonomista prawnik;leúnik;rolnik-ogrodnik;ekonomista;dziennikarz;wyøszy urzÍdnik samorzπdowy;prawnik;politolog;informatyk;prawnik;nauczyciel akademicki - nauki techniczne;nauczyciel;specjalista do spraw marketingu i handlu;wyøszy urzÍdnik samorzπdowy;wyøszy urzÍdnik w≥adz samorzπdowych;student;ekonomista;wyøszy urzÍdnik samorzπdowy;wyøszy urzÍdnik w≥adz samorzπdowych;ekonomista;nauczyciel akademicki - nauki ekonomiczne;GrÛjec;Radom;Radom;Warszawa;Radom;Bia≥obrzegi;Maciejowice;Szyd≥owiec;Radom;OdrzywÛ≥;Radom;Natolin;Kozienice;Lipsko;Radom;Bielicha;Brzezinki Stare;Podzagajnik;Milejowice;Warszawa;Radom;RzeczniÛw;Domaniewice;Warszawa;ålepowron;69141;26707;23670;19320;12619;12494;12752;9134;11996;8910;12045;8367;3023;8817;2783;6938;2666;3072;2605;2477;6910;2440;2266;2692;1915;35,69;13,79;12,22;33,63;6,51;6,45;37,3;4,72;20,88;4,6;48,4;4,32;1,56;44,7;1,44;12,08;1,38;8,99;1,34;1,28;12,03;1,26;1,17;10,82;0,99;20,64;7,97;7,07;5,77;3,77;3,73;3,81;2,73;3,58;2,66;3,6;2,5;0,9;2,63;0,83;2,07;0,8;0,92;0,78;0,74;2,06;0,73;0,68;0,8;0,57;Tak;Tak;Tak;Tak;Tak;Tak;Tak;Tak;Tak;Nie;Nie;Nie;Nie;Nie;Nie;Nie;Nie;Nie;Nie;Nie;Nie;Nie;Nie;Nie;Nie;363;84;206;161;172;19;231;115;86;0;0;0;0;0;0;0;0;0;0;0;0;0;0;0;0
18;TCH”RZEWSKI Krzysztof JÛzef;KOWALCZYK Henryk;MILEWSKI Daniel George;CZARTORYSKI Arkadiusz;GASIUK-PIHOWICZ Kamila;WOèNIAK Grzegorz Adam;SAWICKI Marek Wac≥aw;WARGOCKA Teresa Anna;ZAG”RSKI Marek Tadeusz;SIARKOWSKA Anna Maria;MROCZEK Czes≥aw;G”RSKI Maciej;TO£WI—SKI Krzysztof;OLKO Dorota Zofia;KUROWSKA Iwona Teresa;BORKOWSKI Krzysztof Wawrzyniec;ØUKOWSKI Jerzy;PIE—KOWSKI Bart≥omiej Tomasz;POPIELARZ Mariusz Piotr;KASZUBA Anna;ROGALSKA Barbara;GROMADZKI Marek £ukasz;J”èWIAK Beata;ØYLUK Zygmunt Czes≥aw;PAWELCZYK Bartosz;1;2;24;3;1;6;1;5;4;7;2;8;1;1;14;2;10;15;4;18;16;12;3;21;11;parlamentarzysta;parlamentarzysta;prawnik;nauczyciel;adwokat;parlamentarzysta;inøynier rolnictwa;socjolog;urzÍdnik paÒstwowy;specjalista ds. planowania obronnego;prawnik;dyrektor operacyjny;rolnik;socjolog;urzÍdnik samorzπdowy;rolnik;urzÍdnik samorzπdowy;kierownik ds. sportu i rekreacji;wyøszy urzÍdnik samorzπdowy;urzÍdnik administracji paÒstwowej;nauczyciel kszta≥cenia zawodowego;rolnik;radny;rolnik;radca prawny;Siedlce;Golπdkowo;MiÒsk Mazowiecki;Ostro≥Íka;PruszkÛw;Trπbki;Sawice-DwÛr;MiÒsk Mazowiecki;Warszawa;Siedlce;TargÛwka;GÛrki-Grubaki;JasienÛwka;Siedlce;Garwolin;Borki So≥dy;Turzyn;OstrÛw Mazowiecka;Ostro≥Íka;SokÛ≥ka;MakÛw Mazowiecki;MakarÛwka;GrabÛwiec;WyrozÍby-Konaty;Ostro≥Íka;62891;50680;40152;22457;34793;19082;18950;10767;9143;7313;11043;5206;11567;12055;5003;5477;4534;3891;3088;3805;3045;3024;5394;3022;2765;23,24;18,73;14,84;8,3;55,12;7,05;35,04;3,98;3,38;2,7;17,49;1,92;39,36;41,23;1,85;10,13;1,68;1,44;4,89;1,41;1,13;1,12;9,97;1,12;1,02;13,89;11,19;8,87;4,96;7,68;4,21;4,18;2,38;2,02;1,61;2,44;1,15;2,55;2,66;1,1;1,21;1;0,86;0,68;0,84;0,67;0,67;1,19;0,67;0,61;Tak;Tak;Tak;Tak;Tak;Tak;Tak;Tak;Tak;Tak;Tak;Tak;Nie;Nie;Nie;Nie;Nie;Nie;Nie;Nie;Nie;Nie;Nie;Nie;Nie;390;175;246;54;93;435;329;412;440;338;252;116;0;0;0;0;0;0;0;0;0;0;0;0;0
19;KIDAWA-B£O—SKA Ma≥gorzata Maria;KACZY—SKI Jaros≥aw Aleksander;LUBNAUER Katarzyna Anna;ZANDBERG Adrian Tadeusz;ROSATI Dariusz Kajetan;KAMI—SKI Mariusz;SZCZERBA Micha≥ Roch;KALETA Sebastian Jerzy;BIEJAT Magdalena Agnieszka;GAJEWSKA Aleksandra Ma≥gorzata;KORWIN-MIKKE Janusz Ryszard;PIEKARSKA Katarzyna Maria;KRAJEWSKI Jaros≥aw Karol;ØUKOWSKA Anna Maria;ZIELI—SKA Urszula Sara;LISIECKI Pawe≥ Jacek;JACHIRA Klaudia Krystyna;BARTOSZEWSKI W≥adys≥aw Teofil;FABISIAK Joanna;GOSIEWSKA Ma≥gorzata Maria;TARCZY—SKA Anna Ma≥gorzata;POTOROCZYN Pawe≥ Rafa≥;NAIMSKI Piotr Aleksander;£OBODA Dorota Ewa;PEJO Bart≥omiej Artur;1;1;2;1;3;2;7;9;4;40;1;6;5;2;9;6;13;1;4;3;3;11;4;15;2;producent filmowy;prawnik;nauczyciel akademicki;programista;ekonomista;historyk;pose≥ na Sejm RP;radca prawny;socjoloøka;przedsiÍbiorca;publicysta;radca prawny;politolog;prawnik;kierownik do spraw marketingu;historyk;aktor;historyk;nauczyciel akademicki;pose≥ na Sejm RP;radczyni prawna;pisarz;biochemik;przedstawiciel w≥adzy samorzπdowej;przedstawiciel w≥adzy samorzπdowej;Warszawa;Warszawa;£Ûdü;Warszawa;Warszawa;Warszawa;Warszawa;Warszawa;Warszawa;Warszawa;Otwock;Warszawa;Warszawa;Warszawa;Warszawa;Warszawa;Wroc≥aw;ChajÍty;Warszawa;Warszawa;Sadowa;Warszawa;Warszawa;Warszawa;åwidnik;416030;248935;28205;140898;25061;19797;13747;17459;19501;10228;60385;8780;15121;18864;7536;13093;6434;30405;5347;12693;17959;4742;5900;4577;9634;71,6;65,53;4,85;56,04;4,31;5,21;2,37;4,6;7,76;1,76;58,15;1,51;3,98;7,5;1,3;3,45;1,11;46,29;0,92;3,34;7,14;0,82;1,55;0,79;9,28;30,11;18,01;2,04;10,2;1,81;1,43;0,99;1,26;1,41;0,74;4,37;0,64;1,09;1,37;0,55;0,95;0,47;2,2;0,39;0,92;1,3;0,34;0,43;0,33;0,7;Tak;Tak;Tak;Tak;Tak;Tak;Tak;Tak;Tak;Tak;Tak;Tak;Tak;Tak;Tak;Tak;Tak;Tak;Tak;Tak;Nie;Nie;Nie;Nie;Nie;158;149;220;442;315;154;367;151;22;88;168;296;181;460;448;217;140;16;79;113;0;0;0;0;0
20;B£ASZCZAK Mariusz;GRABIEC Jan Stanis≥aw;CZERWI—SKA Anita;GAJEWSKA Kinga Magdalena;UåCI—SKI Piotr Micha≥;ROZENEK Andrzej Tadeusz;CHOROSI—SKA Dominika Ma≥gorzata;LASEK Maciej Grzegorz;ØELAZOWSKA Boøena Jadwiga;SIPIERA Zdzis≥aw Tadeusz;ZALEWSKI Pawe≥ Ksawery;OLSZEWSKI Dariusz;WAWER Micha≥ Jan;ZIMMERMANN Julia Eliza;PR”SZY—SKI Micha≥ Feliks;KANDYBA Piotr;SMIRNOW Andrzej;SZOSTAK Katarzyna Albina;SZYDLIK Robert;BUèNIAK Sylwia Lidia;MORDAK Robert Dariusz;TRACZYK Stefan;SZTURO Tomasz Pawe≥;MADZIAR Jolanta Monika;NIEMCZYK Piotr Franciszek;1;1;2;3;6;1;24;4;2;5;2;8;1;2;10;24;3;7;12;3;1;13;14;16;6;urzÍdnik paÒstwowy;pose≥;prawnik;pose≥ na Sejm RP;parlamentarzysta;dziennikarz;aktorka;inøynier lotniczy budowy p≥atowcÛw;politolog;wyøszy urzÍdnik paÒstwowy;konsultant;dyrektor do spraw administracyjnych;radca prawny;socjolog;politolog;magister inøynier technologii øywnoúci;nauczyciel akademicki;pielÍgniarka operacyjna;wyøszy urzÍdnik samorzπdowy;Ekonomistka;architekt;leúnik;nauczyciel;prezes zarzπdu;konsultant;Legionowo;Legionowo;WyglÍdy;B≥onie;Zπbki;Zπbki;Konstancin-Jeziorna;Stefanowo;JÛzefÛw;PruszkÛw;Warszawa;Karczew;Warszawa;Warszawa;Warszawa;Piaseczno;£azy;Micha≥owice;T≥uszcz;Koby≥ka;Radom;CelestynÛw;Koby≥ka;Wo≥omin;Warszawa;135189;64255;22911;35912;13665;38495;9596;15804;8665;8131;12248;7454;14869;13987;5499;8960;5250;4933;4977;5770;7195;4674;3157;3217;3097;55,22;37,51;9,36;20,97;5,58;49,13;3,92;9,23;16,83;3,32;7,15;3,04;37,48;17,85;2,25;5,23;2,14;2,88;2,03;7,36;13,98;1,91;1,84;1,31;1,81;22,58;10,73;3,83;6;2,28;6,43;1,6;2,64;1,45;1,36;2,05;1,24;2,48;2,34;0,92;1,5;0,88;0,82;0,83;0,96;1,2;0,78;0,53;0,54;0,52;Tak;Tak;Tak;Tak;Tak;Tak;Tak;Tak;Tak;Tak;Tak;Tak;Nie;Nie;Nie;Nie;Nie;Nie;Nie;Nie;Nie;Nie;Nie;Nie;Nie;25;119;58;89;409;316;43;208;458;343;441;276;0;0;0;0;0;0;0;0;0;0;0;0;0
21;POROWSKA Violetta Teresa;ZEMBACZY—SKI Witold Maciej;CZOCHARA Katarzyna Beata;KOSTUå Tomasz Tadeusz;KOWALSKI Janusz Marcin;ZAWISZA Marcelina Monika;KUKIZ Pawe≥ Piotr;BORTNICZUK Kamil;MILLER Rajmund Tadeusz;ZAWISZA Marcelina Monika;OCIEPA Marcin Micha≥;WILCZY—SKI Ryszard Jan;K£OSOWSKI S≥awomir;WOèNIAK Piotr Jan;WILK Jacek;DUDA Antoni Eugeniusz;W GRZYN Robert;RAKOCZY Stanis≥aw;KOMARZY—SKI Wojciech Stanis≥aw;BIE— Eløbieta Maria;NASZKIEWICZ Jerzy Kazimierz;WOèNIAK Piotr Jan;PILC Jaros≥aw Stanis≥aw;JUREK Monika Ma≥gorzata;BU£A Damian Jakub;1;1;2;2;3;1;1;4;6;1;24;4;6;2;1;5;7;2;11;3;7;2;3;5;10;wyøszy urzÍdnik paÒstwowy;politolog;filolog germaÒski;politolog;specjalista analizy i rozwoju rynku;specjalista polityki spo≥ecznej;muzyk;parlamentarzysta;lekarz medycyny;specjalista polityki spo≥ecznej;nauczyciel akademicki;pracownik administracji samorzπdowej;nauczyciel;nauczyciel akademicki;adwokat;parlamentarzysta;przedsiÍbiorca;przedstawiciel w≥adzy samorzπdowej;przedstawiciel w≥adzy samorzπdowej;kierownik dzia≥u w instytucji pomocy spo≥ecznej;pracownik biurowy;nauczyciel akademicki;politolog;nauczyciel;politolog, specjalista do spraw ustrojowo-samorzπdowych;Opole;Opole;Moszczanka;Opole;Warszawa;Warszawa;£osiÛw;G≥ucho≥azy;Nysa;Warszawa;Opole;Nowy Folwark;Opole;OtmuchÛw;Warszawa;Opole;KÍdzierzyn-Koüle;Kluczbork;Brzeg;Opole;G≥ubczyce;OtmuchÛw;Opole;Brzeg;Koch≥owice;38583;40022;23120;17026;20973;19206;23468;16953;8820;19206;16066;6436;5850;15257;14526;5512;5997;3837;4052;5661;3647;15257;1819;4500;3509;25,22;36,86;15,11;15,68;13,71;40,26;56,01;11,08;8,12;40,26;10,5;5,93;3,82;31,99;62,68;3,6;5,52;9,16;2,65;5,21;2,38;31,99;3,81;4,14;2,29;9,49;9,85;5,69;4,19;5,16;4,73;5,77;4,17;2,17;4,73;3,95;1,58;1,44;3,75;3,57;1,36;1,48;0,94;1;1,39;0,9;3,75;0,45;1,11;0,86;Tak;Tak;Tak;Tak;Tak;Tak;Tak;Tak;Tak;Tak;Tak;Tak;Nie;Nie;Nie;Nie;Nie;Nie;Nie;Nie;Nie;Nie;Nie;Nie;Nie;306;445;59;171;176;443;199;30;247;443;273;425;0;0;0;0;0;0;0;0;0;0;0;0;0
22;KUCHCI—SKI Marek Tadeusz;SCHMIDT-RODZIEWICZ Anna Katarzyna;URUSKI Piotr Marcin;FRYDRYCH Joanna Zofia;KUROWSKA Maria Stanis≥awa;BABINETZ Piotr Mieczys≥aw;PAMU£A Teresa;åNIEØEK Adam Walenty;RZ•SA Marek Zdzis≥aw;CHRZAN Tadeusz;KASPRZAK Mieczys≥aw;PIOTROWICZ Stanis≥aw;ZAPA£OWSKI Andrzej Tomasz;KRAWIEC Daniel Stanis≥aw;RYDZIK £ukasz Micha≥;PAWLUå Adam;BLECHARCZYK Wojciech Aleksander;PILCH Piotr;PODHALICZ Lucyna;PERS Grzegorz Stanis≥aw;PIESZCZOCH Robert;PIKUL Antoni Stanis≥aw;GUZIK Andrzej;ZADWORNY Zdzis≥aw;£UKASZYK Dorota;1;2;3;1;21;4;8;6;2;10;1;5;1;22;1;9;3;7;11;15;16;7;20;3;12;parlamentarzysta;parlamentarzysta;parlamentarzysta;ekonomista;przedstawiciel w≥adzy samorzπdowej;historyk;dyrektor zarzπdzajπcy;specjalista pracy socjalnej;nauczyciel;przedstawiciel w≥adzy samorzπdowej;ekonomista;prawnik;nauczyciel akademicki;radca prawny;analityk finansowy;prawnik;nauczyciel akademicki;przedstawiciel w≥adzy samorzπdowej;socjolog;lekarz;dyrektor zarzπdzajπcy;architekt;nauczyciel;rolnik;dyrektor zarzπdzajπcy;Przemyúl;Jaros≥aw;Sanok;Targowiska;DπbrÛwka;Krosno;LubaczÛw;RzeszÛw;Przemyúl;Jaros≥aw;OstrÛw;OdrzykoÒ;Przemyúl;Mirocin;Oleszyce;Jas≥o;Sanok;Przemyúl;Przemyúl;Przysieki;Nadolany;Jas≥o;Niøna £πka;DachnÛw;Ustrzyki Dolne;61262;26246;20740;18623;18936;13360;12905;11260;10555;11177;11363;10293;12579;9448;10391;6763;9090;6170;6072;5502;4921;4458;4788;2879;4470;24,75;10,6;8,38;29,92;7,65;5,4;5,21;4,55;16,96;4,52;37,07;4,16;47,26;3,82;44,07;2,73;14,6;2,49;2,45;2,22;1,99;7,16;1,93;9,39;1,81;15,68;6,72;5,31;4,77;4,85;3,42;3,3;2,88;2,7;2,86;2,91;2,64;3,22;2,42;2,66;1,73;2,33;1,58;1,55;1,41;1,26;1,14;1,23;0,74;1,14;Tak;Tak;Tak;Tak;Tak;Tak;Tak;Tak;Tak;Tak;Tak;Nie;Nie;Nie;Nie;Nie;Nie;Nie;Nie;Nie;Nie;Nie;Nie;Nie;Nie;198;332;408;85;202;14;283;387;322;44;157;0;0;0;0;0;0;0;0;0;0;0;0;0;0
23;SOBOLEWSKI Krzysztof;LENIART Ewa Maria;WARCHO£ Marcin JÛzef;WEBER Rafa≥;PONCYLJUSZ Pawe≥ Janusz;CHMIELOWIEC Zbigniew Micha≥;WARZECHA Jan Marek;KAPINOS Fryderyk Sylwester;BRAUN Grzegorz Micha≥;GO£OJUCH Kazimierz Edward;TYSZKA Stanis≥aw;SKOWRO—SKA Krystyna;MOSKAL Kazimierz Marian;BUØ Wies≥aw;PAUL Jerzy Stanis≥aw;SZLACHTA Andrzej;WR”BLEWSKA Krystyna Ma≥gorzata;FRYSZTAK Bernadeta Dorota;GAWLIK Zdzis≥aw;BUCZAK Wojciech;KALINKA Kamil;BUCZEK Tomasz Wojciech;MIAZGA Mieczys≥aw;TARAPATA Jan W≥adys≥aw;TYMU£A Zbigniew;1;2;30;10;1;9;11;16;1;8;1;3;6;1;12;4;5;20;2;7;17;2;13;2;29;administratywista;prawnik;adwokat;prawnik;technik ekonomista;inøynier úrodowiska;ekonomista;dyrektor marketingu;reøyser;inøynier mechanizacji rolnictwa;wyk≥adowca akademicki;administratywista;nauczyciel;socjolog;inøynier ogrodnictwa;parlamentarzysta;nauczyciel;nauczyciel;prawnik;inøynier mechanik;politolog;inøynier budownictwa;inøynier rolnictwa;ekonomista;pracownik administracyjny;RzeszÛw;DylπgÛwka;Warszawa;Stalowa Wola;Warszawa;Kolbuszowa;DÍbica;Mielec;Stara Wieú;Zalesie;Warszawa;Mielec;Ropczyce;RzeszÛw;Sarzyna;RzeszÛw;RzeszÛw;SÍdziszÛw Ma≥opolski;RzeszÛw;RzeszÛw;Tarnobrzeg;Kolbuszowa GÛrna;GÛrno;TuszÛw Narodowy;Gaw≥uszowice;38912;36305;28495;26746;23312;20634;18913;18450;31148;18306;17086;16903;17444;15605;16094;15115;12738;11120;14305;10429;9540;3639;9149;5314;8346;10,59;9,89;7,76;7,28;27,52;5,62;5,15;5,02;64,09;4,98;37,25;19,96;4,75;40,2;4,38;4,12;3,47;3,03;16,89;2,84;2,6;7,49;2,49;11,59;2,27;6,61;6,17;4,84;4,54;3,96;3,5;3,21;3,13;5,29;3,11;2,9;2,87;2,96;2,65;2,73;2,57;2,16;1,89;2,43;1,77;1,62;0,62;1,55;0,9;1,42;Tak;Tak;Tak;Tak;Tak;Tak;Tak;Tak;Tak;Tak;Tak;Tak;Tak;Tak;Tak;Nie;Nie;Nie;Nie;Nie;Nie;Nie;Nie;Nie;Nie;348;211;411;420;305;41;414;156;34;109;403;344;251;39;287;0;0;0;0;0;0;0;0;0;0
24;PIONTKOWSKI Dariusz;ZIELI—SKI Jaros≥aw;TRUSKOLASKI Krzysztof;ANDRUSZKIEWICZ Adam;KO£AKOWSKI Lech Antoni;TYSZKIEWICZ Robert;GWIAZDOWSKI Kazimierz;KRAJEWSKI Stefan;KRUTUL Pawe≥;SZCZUD£O Aleksandra;ØALEK Jacek;CZYKWIN Eugeniusz;WINNICKI Robert Artur;BASZKO Mieczys≥aw Kazimierz;KRYNICKA Bernadeta;KAMI—SKA Boøena;WNOROWSKI Henryk Jan;SIEKIERKO £ukasz;LECH Miros≥aw;KUSZNIERUK Piotr;JELSKA-JAROå Boøena Jolanta;CIMOSZEWICZ Tomasz;MUZYK Agnieszka Barbara;PASZKOWSKI Bohdan JÛzef;BORYSEWICZ Maciej Andrzej;1;2;2;10;7;1;4;1;1;28;5;5;1;6;8;3;9;12;2;2;16;28;11;3;4;nauczyciel historii;parlamentarzysta;ekonomista;parlamentarzysta;pose≥ na Sejm RP;wydawca;parlamentarzysta;politolog;przedsiÍbiorca;dyrektor do spraw energetyki;pose≥;dziennikarz;publicysta;nauczyciel wychowania fizycznego;parlamentarzysta;ekonomista;nauczyciel akademicki - nauki ekonomiczne;radca prawny;historyk;inøynier automatyki;rolnik;przedsiÍbiorca;nauczyciel akademicki - nauki humanistyczne;radca prawny;prawnik;Bia≥ystok;Suwa≥ki;Bia≥ystok;Grajewo;£omøa;Bia≥ystok;Múcichy;Krajewo Bia≥e;Bia≥ystok;Ciechanowiec;Bia≥ystok;Bia≥ystok;Warszawa;SokÛ≥ka;£omøa;Suwa≥ki;Bia≥ystok;Wysokie Mazowieckie;Laskowszczyzna;Bia≥ystok;Franckowa Buda;Knyszyn;£omøa;Bia≥ystok;£omøa;63878;40092;37273;29829;16138;17185;14101;13439;13455;12222;12141;14083;22639;11060;9328;11312;9228;7733;6510;8293;5998;6828;5580;5442;6104;23,58;14,8;34,03;11,01;5,96;15,69;5,21;27,67;28,42;4,51;4,48;12,86;62,53;4,08;3,44;10,33;3,41;2,85;13,4;17,52;2,21;6,23;2,06;2,01;5,57;12,27;7,7;7,16;5,73;3,1;3,3;2,71;2,58;2,58;2,35;2,33;2,71;4,35;2,12;1,79;2,17;1,77;1,49;1,25;1,59;1,15;1,31;1,07;1,05;1,17;Tak;Tak;Tak;Tak;Tak;Tak;Tak;Tak;Tak;Tak;Tak;Tak;Tak;Tak;Nie;Nie;Nie;Nie;Nie;Nie;Nie;Nie;Nie;Nie;Nie;297;449;400;5;162;404;125;182;191;368;457;60;427;18;0;0;0;0;0;0;0;0;0;0;0
25;WA£ SA Jaros≥aw Leszek;P£AØY—SKI Kacper Maciej;ADAMOWICZ Piotr;SELLIN Jaros≥aw Daniel;POMASKA Agnieszka Dominika;MACIEJEWSKA Beata Monika;SMOLI—SKI Kazimierz;NEUMANN S≥awomir Arkadiusz;CHMIEL Ma≥gorzata;CYMA—SKI Tadeusz;URBANIAK Micha≥ Piotr;BOROWCZAK Jerzy Stanis≥aw;BANACH Jolanta Maria;ØEBROWSKI Arwid Marek;WIDZ Piotr;KOBYLARZ Andrzej S≥awomir;KILIAN Jan;LIEDER Ewa;SARNOWSKI JÛzef Leon;RACZAK Grzegorz;åNIEG Andrzej Stanis≥aw;MICHALSKI Jacek Wojciech;KEMPA Anna Magdalena;BAGI—SKI Piotr Wojciech;PRUå Sylwester Zbigniew;2;2;4;1;3;1;6;1;5;5;1;7;2;3;8;1;4;24;6;24;4;15;12;10;2;politolog;adwokat;dziennikarz;parlamentarzysta;politolog;edukatorka;adwokat;ekonomista;inøynier architekt;parlamentarzysta;przedsiÍbiorca;technik mechanik;nauczyciel;audytor;nauczyciel;parlamentarzysta;parlamentarzysta;ekonomistka;inøynier rolnik;lekarz-specjalista kardiologii;inøynier rolnictwa;nauczyciel;specjalista administracji publicznej;nauczyciel;fizyk;GdaÒsk;GdaÒsk;GdaÒsk;Warszawa;GdaÒsk;GdaÒsk;Tczew;Rokocin;GdaÒsk;Malbork;Mosty;GdaÒsk;GdaÒsk;Kaniczki;Kwidzyn;Domachowo;Starogard GdaÒski;GdaÒsk;Czernin;GdaÒsk;Pastwa;Nowy DwÛr GdaÒski;Trπbki Wielkie;Sopot;GdaÒsk;61805;89384;41795;29834;39103;23319;10993;25202;13557;8019;14918;5491;22485;7304;4460;7463;7110;3956;3887;2143;4211;2790;1834;2540;6126;28,29;52,66;19,13;17,57;17,9;32,73;6,48;11,53;6,21;4,72;39,1;2,51;31,56;4,3;2,04;23,92;4,19;1,81;1,78;1,26;5,91;1,28;1,08;1,16;16,06;11,69;16,9;7,9;5,64;7,39;4,41;2,08;4,77;2,56;1,52;2,82;1,04;4,25;1,38;0,84;1,41;1,34;0,75;0,74;0,41;0,8;0,53;0,35;0,48;1,16;Tak;Tak;Tak;Tak;Tak;Tak;Tak;Tak;Tak;Tak;Tak;Tak;Nie;Nie;Nie;Nie;Nie;Nie;Nie;Nie;Nie;Nie;Nie;Nie;Nie;410;299;3;335;304;226;347;262;40;48;407;28;0;0;0;0;0;0;0;0;0;0;0;0;0
26;HORA£A Marcin Micha≥;NOWACKA Barbara Anna;M‹LLER Piotr JÛzef;KRZYWONOS-STRYCHARSKA Henryka Krystyna;SENYSZYN Joanna;MR”WCZY—SKI Aleksander Miko≥aj;KONWI—SKI Zbigniew Marek;SROKA Magdalena Joanna;PLOCKE Kazimierz Florian;BIERNACKI Marek;DZIAMBOR Artur Erwin;åNIADEK Janusz;AZIEWICZ Tadeusz;RUTKA Marek Andrzej;KOWALSKI Micha≥ Bartosz;KWIECIE— Janina;ZWIERCAN Ma≥gorzata Graøyna;BONNA Leszek Jacek;KARCZEWSKI Piotr Mariusz;SZLAS Rafa≥ Bogus≥aw;HASKA Karolina;KLAWITER Kazimierz;WITTBRODT Piotr Witold;M CZYKOWSKI Dariusz Franciszek;KOZIE£ Andrzej Miros≥aw;1;1;3;4;1;2;3;7;2;1;1;4;6;2;27;9;5;5;9;11;3;28;27;28;2;parlamentarzysta;informatyczka;prawnik;maszynistka biurowa;profesor;parlamentarzysta;historyk;specjalista ds. administracji i zarzπdzania;inøynier rolnik;Parlamentarzysta;nauczyciel;inøynier mechanik;ekonomista;nauczyciel akademicki;nauczyciel;nauczyciel;instruktor terapii uzaleønieÒ;menager;przedsiÍbiorca;przedsiÍbiorca;w≥aúcicielka ma≥ego sklepu;urzÍdnik paÒstwowy;ekonomista;nauczyciel;inøynier mechanik budowy okrÍtÛw;Gdynia;Warszawa;S≥upsk;GdaÒsk;Gdynia;Chojnice;S≥upsk;Trπbki Wielkie;K≥anino;Gdynia;Gdynia;Gdynia;Gdynia;Gdynia;W≥adys≥awowo;Sierakowice;Gdynia;Chojnice;Koúcierzyna;Wejherowo;Wejherowo;Rumia;Gdynia;GrabÛwko;Gdynia;86079;88833;26892;14508;36405;16726;13286;9349;12627;19272;19334;9342;9385;7929;9000;9275;7879;7815;6768;7113;4410;5340;6212;4990;2313;40,68;42,67;12,71;6,97;50,26;7,91;6,38;4,42;6,06;41,78;45,64;4,42;4,51;10,95;4,25;4,45;3,72;3,75;3,2;3,42;6,09;2,52;2,98;10,82;5,46;14,82;15,3;4,63;2,5;6,27;2,88;2,29;1,61;2,17;3,32;3,33;1,61;1,62;1,37;1,55;1,6;1,36;1,35;1,17;1,22;0,76;0,92;1,07;0,86;0,4;Tak;Tak;Tak;Tak;Tak;Tak;Tak;Tak;Tak;Tak;Tak;Tak;Tak;Tak;Nie;Nie;Nie;Nie;Nie;Nie;Nie;Nie;Nie;Nie;Nie;136;266;257;194;336;253;165;357;298;24;73;386;12;319;0;0;0;0;0;0;0;0;0;0;0
27;SZWED Stanis≥aw;NYKIEL Miros≥awa;PUDA Grzegorz Pawe≥;DRABEK Przemys≥aw Mieczys≥aw;P PEK Ma≥gorzata Anna;MATUSZNY Kazimierz W≥adys≥aw;KOPERSKI Przemys≥aw Adam;GAØA Grzegorz Krzysztof;SUCHO— Miros≥aw Tadeusz;KANAFEK-LEWANDOWSKA Marcela Joanna;FOLTYN Bronis≥aw Edward;SZEMLA Miros≥aw Stanis≥aw;MOLIN Andrzej Jan;MACURA Ryszard Arkadiusz;W”JCIK Magdalena Ewa;LAMEK-KOCHANOWSKA Agnieszka Zofia;TOMCZYKIEWICZ Maciej Tadeusz;MIDOR Adrian Kamil;GOWIN Jaros≥aw;MICHASI”W Dariusz Stanis≥aw;£Oå Konrad Tomasz;ADAMSKA Barbara Lucyna;G£OMBEK Edyta Teresa;TYRNA Leszek;MA£YSZ Pawe≥ Adam;1;1;2;4;2;3;1;6;3;8;1;1;4;7;5;2;18;11;12;7;10;9;5;5;7;parlamentarzysta;pose≥ na sejm RP;parlamentarzysta;menadøer;ekonomista;parlamentarzysta;prawnik;przedsiÍbiorca;ekonomista;pedagog;dyrektor generalny;dyrektor ds. wdroøeÒ i rozwoju technologii;matematyk;nauczyciel;t≥umacz;gospodyni domowa;adwokat;nauczyciel;technik elektronik;przedsiÍbiorca;nauczyciel akademicki;nauczyciel-pedagog;g≥Ûwna ksiÍgowa;nauczyciel;programista aplikacji;Grodziec;Bielsko-Bia≥a;Bielsko-Bia≥a;Bielsko-Bia≥a;Øywiec;MilÛwka;Bielsko-Bia≥a;Pszczyna;Bielsko-Bia≥a;Pszczyna;Bielsko-Bia≥a;Bielsko-Bia≥a;Wis≥a;Cieszyn;Bielsko-Bia≥a;Bielsko-Bia≥a;Pszczyna;Øywiec;Øywiec;Bielsko-Bia≥a;Bielsko-Bia≥a;Czechowice-Dziedzice;Piasek;GoleszÛw;Zaborze;65315;46849;23907;19770;17914;12967;22055;11526;10039;8414;14893;10108;8443;7924;5816;4392;5268;5280;5209;3959;4964;2336;3878;3445;3118;35,88;44,25;13,13;10,86;16,92;7,12;49,34;6,33;9,48;4,62;51,53;36,42;7,97;4,35;3,2;9,83;4,98;2,9;2,86;3,74;2,73;1,28;3,66;7,71;10,79;16,78;12,04;6,14;5,08;4,6;3,33;5,67;2,96;2,58;2,16;3,83;2,6;2,17;2,04;1,49;1,13;1,35;1,36;1,34;1,02;1,28;0,6;1;0,89;0,8;Tak;Tak;Tak;Tak;Tak;Tak;Tak;Tak;Tak;Nie;Nie;Nie;Nie;Nie;Nie;Nie;Nie;Nie;Nie;Nie;Nie;Nie;Nie;Nie;Nie;379;271;311;67;290;241;166;97;362;0;0;0;0;0;0;0;0;0;0;0;0;0;0;0;0
28;GIØY—SKI Szymon Stanis≥aw;LESZCZYNA Izabela Dorota;BURZY—SKA Lidia Ewa;WOLSKI Zdzis≥aw;GAWRON Andrzej Janusz;SZEWI—SKI Andrzej;TREPKA Mariusz Wies≥aw;FAJER Monika;KIEPURA Henryk;IØY—SKA Ma≥gorzata;LASECKI Jaros≥aw Wac≥aw;RUKSZA Pawe≥ Jan;DEREJCZYK Piotr;SKALIK W≥odzimierz Bogdan;SALWIERAK Marta Maria;ZALESKA Urszula;K PSKI Rafa≥ Tadeusz;KAPTACZ Anna Janina;PODBIO£ Gabriel Jan;MAJ Tomasz;SMELA Krzysztof;SOWA Andrzej Piotr;KOT £ukasz Tadeusz;ROZPONDEK Halina Leokadia;PIETRULEWICZ Magdalena Anna;1;1;2;1;4;2;3;5;1;5;14;10;6;1;3;14;3;7;5;8;2;13;6;4;11;pose≥;nauczyciel;nauczyciel;lekarz medycyny;pose≥;urzÍdnik;inøynier organizacji i planowania produkcji;kierownik agencji doradztwa finansowego;przedstawiciel w≥adzy samorzπdowej - starosta;ekonomista;menedøer produktu, rolnik;przedstawiciel w≥adzy samorzπdowej;politolog;przedsiÍbiorca;kierownik projektu;nauczyciel;przedstawiciel w≥adzy samorzπdowej;prezes;nauczyciel;kierownik ds. marketingu i sprzedaøy;przedstawiciel w≥adzy samorzπdowej - starosta;przedstawiciel w≥adzy samorzπdowej;menedøer produktu;bibliotekoznawca;prawnik;CzÍstochowa;CzÍstochowa;SkrzydlÛw;CzÍstochowa;Kochanowice;Konopiska;Moczyd≥o;CzÍstochowa;WrÍczyca Wielka;CzÍstochowa;MyszkÛw;CzÍstochowa;Wapiennik;CzÍstochowa;CzÍstochowa;CzÍstochowa;MyszkÛw;CzÍstochowa;Lubliniec;Lgota Ma≥a;Wierzchowisko;CzÍstochowa;CzÍstochowa;CzÍstochowa;WrÍczyca Wielka;42325;36266;24672;18527;13888;10023;12881;11660;9763;4223;5022;3366;3363;10275;3443;3060;3709;2587;3030;2261;3894;2006;3624;2506;1678;33,59;56,34;19,58;41,77;11,02;15,57;10,22;9,25;39,52;9,52;7,8;2,67;2,67;59,47;5,35;2,43;8,36;2,05;4,71;1,79;15,76;1,59;8,17;3,89;1,33;14,88;12,75;8,67;6,51;4,88;3,52;4,53;4,1;3,43;1,48;1,77;1,18;1,18;3,61;1,21;1,08;1,3;0,91;1,06;0,79;1,37;0,71;1,27;0,88;0,59;Tak;Tak;Tak;Tak;Tak;Tak;Tak;Nie;Nie;Nie;Nie;Nie;Nie;Nie;Nie;Nie;Nie;Nie;Nie;Nie;Nie;Nie;Nie;Nie;Nie;103;213;38;432;96;372;399;0;0;0;0;0;0;0;0;0;0;0;0;0;0;0;0;0;0
29;BORYS-SZOPA Boøena Teresa;GOLBIK Marta Joanna;SZARAMA Wojciech Piotr;SZUMILAS Krystyna Maria;NOWICKA Wanda Hanna;DZIUK Barbara Anna;G£OGOWSKI Tomasz Marian;GONCIARZ Jaros≥aw W≥odzimierz;OLICHWER Tomasz Andrzej;DZI BOWSKI Sebastian;OLSZEWSKI Tomasz Jan;S£ANIA Barbara Joanna;PSZONAK Marek Jan;PYZIK Piotr Mieczys≥aw;PILOT Andrzej Antoni;KOBYLI—SKI Pawe≥ Bronis≥aw;KUBICA JÛzef Jan;BOR”WKA Anna Joanna;MARCINIAK Jaros≥aw Krzysztof;MIODEK Jan Jerzy;ØAK Pawe≥;GAWENDA Krzysztof Piotr;KANDZIOR Maciej Bart≥omiej;KOWALSKI Bart≥omiej Leszek;RESPONDEK Norbert Jan;1;1;2;2;1;7;3;4;6;1;5;3;5;3;1;4;6;9;7;16;11;9;3;10;12;prawnik;ekonomistka;adwokat;pose≥;filolog klasyczny;ekonomista;nauczyciel akademicki;specjalista zastosowaÒ informatyki;filolog polski;terapeuta ds. uzaleønieÒ;adwokat;socjolog;urzÍdnik samorzπdowy;politolog;pracownik samorzπdowy;przedsiÍbiorca;inøynier leúnictwa;psycholog;dzia≥acz spo≥eczny;inøynier mechanik;inøynier inøynierii úrodowiska;przedstawiciel w≥adzy samorzπdowej;ekonomista;dyrektor marketingu;kierowca-mechanik pojazdÛw samochodowych;Katowice;Gliwice;Bytom;KnurÛw;Warszawa;Tarnowskie GÛry;Tarnowskie GÛry;Gliwice;Zabrze;Zabrze;Tarnowskie GÛry;Bytom;Gliwice;Gliwice;Tarnowskie GÛry;Gliwice;Tarnowskie GÛry;Zabrze;Zabrze;Tarnowskie GÛry;KnurÛw;Bytom;KnurÛw;Gliwice;Bytom;49914;35129;16649;24372;25767;11399;12120;8980;7837;13878;7859;3036;7808;7076;8254;7521;7017;4500;3186;2733;2689;2302;1758;2312;1751;38,82;31,63;12,95;21,94;56,53;8,87;10,91;6,98;7,06;53,14;6,11;6,66;7,03;5,5;40,44;6,77;5,46;3,5;2,87;6;2,09;2,07;6,73;1,8;1,58;14,65;10,31;4,89;7,15;7,56;3,35;3,56;2,64;2,3;4,07;2,31;0,89;2,29;2,08;2,42;2,21;2,06;1,32;0,94;0,8;0,79;0,68;0,52;0,68;0,51;Tak;Tak;Tak;Tak;Tak;Tak;Tak;Tak;Tak;Nie;Nie;Nie;Nie;Nie;Nie;Nie;Nie;Nie;Nie;Nie;Nie;Nie;Nie;Nie;Nie;32;107;365;377;269;77;106;110;275;0;0;0;0;0;0;0;0;0;0;0;0;0;0;0;0
30;PIECHA Boles≥aw Grzegorz;KRZ•KA£A Marek Grzegorz;WOå Micha≥ Piotr;GAW DA Adam;GADOWSKI Krzysztof Jan;GLENC Teresa;KOPIEC Maciej Kamil;MATUSIAK Grzegorz;LENARTOWICZ Gabriela Teresa;RAJCA Cezary Dominik;FRITZ Roman Henryk;GASZKA Anna Ma≥gorzata;SZUTKA Mirela Eløbieta;SOBIERAJSKI Czes≥aw Stanis≥aw;PILISZEK Grzegorz Kazimierz;DUØY Miros≥aw Piotr;DUTKIEWICZ Katarzyna Maria;NOWAK Miros≥aw Krzysztof;WAWRZYCZEK Daniel Emilian;PROFASKA Marek Bogus≥aw;SZYMICZEK Alojzy Jan;SZCZ SNY Jaros≥aw Zbigniew;GABRYå Bart≥omiej JÛzef;LAZAR Jerzy Boles≥aw;KURPAS Adam Jerzy;1;1;2;4;2;7;1;5;3;8;1;4;9;3;1;10;6;2;18;6;13;10;5;17;2;lekarz medycyny;nauczyciel;prawnik;parlamentarzysta;mgr inø. transportu;parlamentarzysta;ekonomista;inø. energetyk;parlamentarzysta;specjalista ds. prawnych;przedsiÍbiorca;nauczyciel historyk;nauczyciel;parlamentarzysta;socjolog;przedstawiciel w≥adzy samorzπdowej - starosta;parlamentarzysta;w≥aúciciel zak≥adu us≥ugowego;wyøszy urzÍdnik samorzπdowy;nauczyciel akademicki;radny powiatowy;ekonomista;nauczyciel akademicki-ekonomista;technik elektryk;geolog;Rybnik;Rybnik;RacibÛrz;Syrynia;JastrzÍbie-ZdrÛj;Gorzyczki;Rybnik;JastrzÍbie-ZdrÛj;Krzanowice;Czerwionka-Leszczyny;Rybnik;Øory;Rybnik;Rybnik;Øory;£aziska GÛrne;RacibÛrz;Wodzis≥aw ålπski;Øory;Czerwionka-Leszczyny;Wodzis≥aw ålπski;Wodzis≥aw ålπski;Miko≥Ûw;Rybnik;Orzesze;38809;33962;37763;26291;18799;14274;14973;11195;11838;5582;10279;5532;3969;3907;5985;5263;3710;3494;3364;4928;2326;2239;3106;2105;3307;24,08;36,72;23,43;16,31;20,32;8,86;46,36;6,95;12,8;3,46;42,94;5,98;2,46;2,42;31,81;5,69;2,3;10,82;2,09;5,33;1,44;1,39;3,36;1,31;13,81;11,63;10,17;11,31;7,88;5,63;4,28;4,49;3,35;3,55;1,67;3,08;1,66;1,19;1,17;1,79;1,58;1,11;1,05;1,01;1,48;0,7;0,67;0,93;0,63;0,99;Tak;Tak;Tak;Tak;Tak;Tak;Tak;Tak;Tak;Nie;Nie;Nie;Nie;Nie;Nie;Nie;Nie;Nie;Nie;Nie;Nie;Nie;Nie;Nie;Nie;292;193;434;94;87;104;167;239;210;0;0;0;0;0;0;0;0;0;0;0;0;0;0;0;0
31;MORAWIECKI Mateusz Jakub;BUDKA Borys Piotr;W”JCIK Micha≥ Marek;ROSA Monika Anna;POLACZEK Jerzy Jan;KO£ODZIEJ Ewa Edyta;KONIECZNY Maciej;WESO£Y Marek Jacek;GRAMATYKA Micha≥ Sebastian;SOåNIERZ Andrzej Stanis≥aw;KR”L Wojciech Piotr;SOåNIERZ Dobromir Andrzej;NOWAK Maria Teresa;W”JCIK Marek Krzysztof;LEKSTON Andrzej Jan;SKAPCZYK Anita Maria;åCIEBIOROWSKI £ukasz Andrzej;SKIBA Mariusz Piotr;KOPEL Marek Stanis≥aw;JELONEK Aleksandra Eløbieta;FREITAG Janusz Pawe≥;KOSZUTSKA Urszula Magdalena;MAJCHRZAK Katarzyna Beata;JAB£O—SKI Pawe≥;ZASADA-CHORAB Anna;1;1;2;4;3;2;1;7;7;4;5;1;5;3;2;8;10;9;8;1;11;6;3;10;13;polityk;nauczyciel akademicki;polityk;politolog;prawnik;politolog;zawodowy dzia≥acz organizacji pozarzπdowej;przedsiÍbiorca;prawnik;lekarz medycyny;urzÍdnik samorzπdowy;przedsiÍbiorca;nauczyciel;prawnik;lekarz medycyny;przedsiÍbiorca;politolog;politolog;manager;bibliotekarka;inøynier mechanik;psycholog;psycholog;adwokat;nauczyciel akademicki;Warszawa;Gliwice;Czeladü;Katowice;Piekary ålπskie;Katowice;Gliwice;Ruda ålπska;Tychy;KobiÛr;Mys≥owice;Katowice;ChorzÛw;Katowice;Katowice;Tychy;Piekary ålπskie;Katowice;ChorzÛw;ChorzÛw;LÍdziny;Ruda ålπska;Katowice;RacibÛrz;Siemianowice ålπskie;133687;99550;8315;13918;7621;11549;22262;6091;9304;6061;7604;22191;4166;7232;9472;3330;6643;2489;4108;7575;1691;3081;7557;1362;2386;72,64;56,99;4,52;7,97;4,14;6,61;39,76;3,31;5,33;3,29;4,35;64,48;2,26;4,14;16,92;1,81;3,8;1,35;2,35;36,93;0,92;1,76;13,5;0,74;1,37;28,47;21,2;1,77;2,96;1,62;2,46;4,74;1,3;1,98;1,29;1,62;4,73;0,89;1,54;2,02;0,71;1,41;0,53;0,87;1,61;0,36;0,66;1,61;0,29;0,51;Tak;Tak;Tak;Tak;Tak;Tak;Tak;Tak;Tak;Tak;Tak;Tak;Nie;Nie;Nie;Nie;Nie;Nie;Nie;Nie;Nie;Nie;Nie;Nie;Nie;249;36;437;314;301;163;164;421;120;352;189;353;0;0;0;0;0;0;0;0;0;0;0;0;0
32;MALIK Ewa Danuta;DOLNIAK Barbara;CZARZASTY W≥odzimierz;ANDZEL Waldemar Franciszek;SA£UGA Wojciech Pawe≥;WARWAS Robert Piotr;ADAMCZYK Rafa≥ Jan;BOCHENEK Mateusz Andrzej;NOWICKA Danuta Czes≥awa;KOZIK Marcin Henryk;NEMå Anna Ewa;LITEWKA £ukasz Karol;JANOSKA Jerzy Jan;MATERLA Maria;W GRZYNOWICZ Marek Romuald;NITWINKO Wojciech Marcin;CURY£O £ukasz;MO∆KO Jolanta Izabela;CHROBAK Barbara Stanis≥awa;SZOPA Pawe≥ Ludwik;ZIEGLER-CHAMIELEC Anita Kornelia;SOLIPIWKO Renata Janina;PI•TEK Zbigniew JÛzef;CIEåLIK Beata Eløbieta;KLIMEK Maciej Artur;1;2;1;2;1;3;2;3;4;6;4;5;1;5;5;4;17;18;1;14;3;13;8;13;7;parlamentarzysta;prawnik;politolog;politolog;ekonomista;politolog;samorzπdowiec;urzÍdnik samorzπdowy;metalurg;politolog;pose≥;socjolog;przedsiÍbiorca;przedstawiciel w≥adzy samorzπdowej;prawnik;politolog;dyrektor generalny i zarzπdzajπcy;urzÍdnik samorzπdowy;urzÍdnik;prezes;przedsiÍbiorca;fizjoterapeuta;przedstawiciel w≥adzy samorzπdowej;filolog;nauczyciel akademicki;Sosnowiec;BÍdzin;Warszawa;Rogoünik;Jaworzno;Dπbrowa GÛrnicza;BÍdzin;Sosnowiec;Zawiercie;Jaworzno;Zawiercie;Sosnowiec;FugasÛwka;Jaworzno;Dπbrowa GÛrnicza;Sosnowiec;Jaworzno;Czeladü;Sosnowiec;Sosnowiec;Bielsko-Bia≥a;Dπbrowa GÛrnicza;Dπbrowa GÛrnicza;Dπbrowa GÛrnicza;Wojkowice;46773;39656;31244;21723;18738;20354;12148;15421;7574;6851;12749;11733;11421;6414;3335;4964;2969;2535;5496;2046;2937;1310;1628;1314;1020;37,55;39,86;42,53;17,44;18,83;16,34;16,54;15,5;6,08;5,5;12,81;15,97;52,75;5,15;3,35;6,76;2,38;2,55;33,79;1,64;4;1,32;1,31;1,05;1,03;13,94;11,82;9,31;6,48;5,59;6,07;3,62;4,6;2,26;2,04;3,8;3,5;3,4;1,91;0,99;1,48;0,89;0,76;1,64;0,61;0,88;0,39;0,49;0,39;0,3;Tak;Tak;Tak;Tak;Tak;Tak;Tak;Tak;Tak;Nie;Nie;Nie;Nie;Nie;Nie;Nie;Nie;Nie;Nie;Nie;Nie;Nie;Nie;Nie;Nie;230;65;55;6;327;413;2;26;268;0;0;0;0;0;0;0;0;0;0;0;0;0;0;0;0
33;ZIOBRO Zbigniew Tadeusz;KRUPKA Anna Maria;WOJTYSZEK Agata Katarzyna;SIENKIEWICZ Bart≥omiej Henryk;LIPIEC Krzysztof Bogdan;CIEåLAK Micha≥;SZEJNA Andrzej Jan;SIEKIERSKI Czes≥aw Adam;TARCZY—SKI Dominik;OK£A-DREWNOWICZ Marzena;KRYJ Andrzej Micha≥;DORYWALSKI Bart≥omiej;WAWRZYK Piotr Sylwester;BOSAK Krzysztof;CYRA—SKI Adam Zbigniew;KWITEK Marek;GOSEK Mariusz Marek;PIECHNA-WI CKIEWICZ Paulina Krystyna;JARUBAS Krystian Stefan;KONIUSZ Zbigniew Adam;BURAS Agnieszka Dorota;WOJDA Agata Ewa;PUCHROWICZ Tomasz Andrzej;ZUBA Maria;LATOSI—SKI Bogdan Jan;1;2;7;1;3;4;1;1;15;3;10;32;6;1;2;5;11;2;32;16;21;5;14;8;9;prawnik;socjolog;nauczyciel;historyk;nauczyciel;parlamentarzysta;prawnik;nauczyciel akademicki;prawnik;pose≥ na sejm RP;parlamentarzysta;wyøszy urzÍdnik paÒstwowy;nauczyciel akademicki;dzia≥acz spo≥eczny;przedsiÍbiorca;parlamentarzysta;pedagog resocjalizacji;prawnik;polityk;lekarz medycyny;ekonomista;specjalista administracji publicznej;nauczyciel;parlamentarzysta;parlamentarzysta;Warszawa;Wola Starogrodzka;Starachowice;Warszawa;Starachowice;OblekoÒ;IzabelÛw;Warszawa;Kielce;Skarøysko-Kamienna;Ostrowiec åwiÍtokrzyski;W≥oszczowa;Kielce;Warszawa;Kielce;Sandomierz;Kielce;Warszawa;B≥otnowola;PiÒczÛw;SuchedniÛw;Kielce;RakÛw;SuchedniÛw;StraszniÛw Gumienicki;115903;69946;18333;35009;14544;12310;24337;12745;8186;15532;7690;7386;6750;22158;9864;5453;4621;6191;8712;4297;4110;6600;3830;3607;3535;36,86;22,24;5,83;36,9;4,63;3,91;42,92;22,64;2,6;16,37;2,45;2,35;2,15;65,37;10,4;1,73;1,47;10,92;15,48;1,37;1,31;6,96;1,22;1,15;1,12;20,34;12,27;3,22;6,14;2,55;2,16;4,27;2,24;1,44;2,73;1,35;1,3;1,18;3,89;1,73;0,96;0,81;1,09;1,53;0,75;0,72;1,16;0,67;0,63;0,62;Tak;Tak;Tak;Tak;Tak;Tak;Tak;Tak;Tak;Tak;Tak;Tak;Tak;Tak;Tak;Tak;Nie;Nie;Nie;Nie;Nie;Nie;Nie;Nie;Nie;453;190;431;342;215;47;371;340;389;274;192;66;417;33;49;207;0;0;0;0;0;0;0;0;0
34;KRASULSKI Leonard Seweryn;PROTAS Jacek;BABALSKI Zbigniew;GELERT Eløbieta Kazimiera;WILK Jerzy Zbigniew;FALEJ Monika Walentyna;ZIEJEWSKI Zbigniew;GONTARZ Robert;CIEåLI—SKI Piotr;O£DAKOWSKI Adam;HORDEJUK Bernadeta Justyna;KOWSZY—SKI Pawe≥ Andrzej;MODZELEWSKA-KOZIO£ Monika Anna;ZIELONKA Andrzej Jan;SYCZ Miron;WYR BEK Andrzej Piotr;ØUCHOWSKI Piotr;PI•TEK Anna;KR”LAK Katarzyna;KAZIMIERCZUK Marcin;PAWLIK Jacek Roman;CZYØYK Antoni;BARTKOWSKA Emilia;W G£OWSKA Anna;SZAKIEWICZ Pawe≥;1;1;3;3;2;1;1;14;4;8;2;7;5;2;16;1;2;11;6;4;16;10;3;9;5;parlamentarzysta;polityk;parlamentarzysta;menadøer ochrony zdrowia;parlamentarzysta;prawniczka;rolnik;przedstawiciel w≥adzy samorzπdowej - radny;ekonomista;parlamentarzysta;urzÍdnik samorzπdowy;przedstawiciel w≥adzy samorzπdowej - radny;kierownik biura;specjalista do spraw bezpieczeÒstwa;nauczyciel;lekarz;historyk sztuki;kierownik instytucji finansowej i ubezpieczeniowej;prawnik;nauczyciel akademicki - nauki prawne;nauczyciel;inø. mechanik;animator kultury;inøynier rolnictwa;rolnik;Elblπg;Lidzbark WarmiÒski;OstrÛda;Elblπg;Elblπg;Olsztyn;Szwarcenowo;Tuczki;Lidzbark WarmiÒski;Witki;I≥awa;Elblπg;Braniewo;Elblπg;GÛrowo I≥aweckie;Dobre Miasto;Sza≥kowo;Brodnica;Morπg;Bartoszyce;Kiwity;Elblπg;Olsztyn;£awice;Szyleny Kolonia;19747;24266;19293;11590;18620;11093;9028;7702;7862;5886;7303;4299;4235;7172;4353;7450;3530;4134;3298;3921;3609;2489;2229;2844;1866;19,27;34,02;18,83;16,25;18,17;37,99;33,05;7,52;11,02;5,74;10,24;4,2;4,13;24,57;6,1;52,51;12,92;4,03;4,62;3,83;3,52;3,49;7,63;2,78;6,83;7,87;9,67;7,69;4,62;7,42;4,42;3,6;3,07;3,13;2,35;2,91;1,71;1,69;2,86;1,74;2,97;1,41;1,65;1,31;1,56;1,44;0,99;0,89;1,13;0,74;Tak;Tak;Tak;Tak;Tak;Tak;Tak;Tak;Nie;Nie;Nie;Nie;Nie;Nie;Nie;Nie;Nie;Nie;Nie;Nie;Nie;Nie;Nie;Nie;Nie;184;309;13;99;426;80;447;111;0;0;0;0;0;0;0;0;0;0;0;0;0;0;0;0;0
35;MAKSYMOWICZ Wojciech Stefan;CICHO— Janusz W≥adys≥aw;ARENT Iwona Ewa;KULASEK Marcin Robert;PAPKE Pawe≥;PAS£AWSKA Urszula Stefania;WYPIJ Micha≥ Piotr;KOSSAKOWSKI Wojciech;WASILEWSKA Anna;MA£ECKI Jerzy Wojciech;LISIECKI Piotr Cezary;G”RSKI Hubert;WOJCIECHOWSKA Anna;åL•SKA-ZYåK Wioletta;CHOJECKI Artur Henryk;GOSIEWSKI Jerzy Antoni;PAMPUCH Miros≥aw JÛzef;KOZ£OWSKI Patryk;MATUSZEWSKA-BORUC Ma≥gorzata Emilia;LEWKOWICZ Magdalena;JASKULSKA Sylwia Monika;ØUCHOWSKI Henryk;NOWACKI Robert Krzysztof;CHMIELI—SKI Igor;MARCHEL Karol Robert;1;1;2;1;4;1;20;4;2;5;1;3;5;20;3;6;3;7;2;18;5;9;8;7;13;lekarz;pose≥;politolog;dyrektor administracyjny;pedagog;prawnik;politolog;prawnik;pose≥;specjalista bankowoúci;przedsiÍbiorca;doradca biznesowy;ekonomista;pedagog ekonomista;urzÍdnik paÒstwowy;inøynier leúnictwa;radca prawny;historyk;wychowawca w placÛwkach oúwiatowych;nauczyciel;wyøszy urzÍdnik samorzπdowy;wyøszy urzÍdnik administracji rzπdowej;rolnik;inøynier budownictwa;dyrektor szko≥y;Olsztyn;Tu≥awki;Olsztyn;Olsztyn;Olsztyn;Biskupiec;Olsztyn;E≥k;Olsztyn;Jagodne;Naglady;E≥k;E≥k;Olsztyn;Olsztyn;Mrπgowo;Wrzesina;Nidzica;Olsztyn;Mrπgowo;Dπbrowa;Szczytno;StrÍgielek;Szczytno;E≥k;31575;26402;17916;20453;19415;19528;14170;11257;10982;9631;10919;5208;7391;3668;8344;7455;4447;5822;4594;3307;2822;5661;3240;2077;2519;24,52;30,08;13,91;44,55;22,12;44,63;11;8,74;12,51;7,48;47,2;11,34;8,42;8,38;6,48;5,79;5,07;4,52;10,01;3,77;6,45;4,4;2,52;2,37;1,96;9,52;7,96;5,4;6,17;5,85;5,89;4,27;3,39;3,31;2,9;3,29;1,57;2,23;1,11;2,52;2,25;1,34;1,76;1,39;1;0,85;1,71;0,98;0,63;0,76;Tak;Tak;Tak;Tak;Tak;Tak;Tak;Tak;Tak;Tak;Nie;Nie;Nie;Nie;Nie;Nie;Nie;Nie;Nie;Nie;Nie;Nie;Nie;Nie;Nie;228;46;9;200;284;285;439;170;415;232;0;0;0;0;0;0;0;0;0;0;0;0;0;0;0
36;DZIEDZICZAK Jan Micha≥;WITCZAK Mariusz Sebastian;MAL•G Marlena Magdalena;MOSI—SKI Jan;SZCZEPA—SKI Wies≥aw Andrzej;GRZYB Andrzej Marian;URBANIAK Jaros≥aw Piotr;S”JKA Katarzyna;£AWNICZAK Tomasz;RUSIECKI Grzegorz Stanis≥aw;KALETA Piotr Marek;PAWLICZAK Karolina Monika;STOCH Witold Adam;GRABOWSKI Krzysztof Andrzej;HENCZYCA Boøena Katarzyna;CZECHAK Lidia;BIER£A Leszek JÛzef;KOWALSKA Milena Magdalena;åNIEGOCKA Alicja Maria;MAZUR Marek Mi≥osz;WALKOWSKI Piotr;SOWA Marek Jan;JAKUBOWSKI Szymon;PLICHTA Andrzej;DZIEDZIC Krzysztof JÛzef;1;1;4;3;1;1;2;10;2;4;5;3;1;24;3;6;7;6;16;2;2;8;7;24;14;politolog;politolog;wyøszy urzÍdnik paÒstwowy;parlamentarzysta;ekonomista;ekonomista;logik;lekarz;parlamentarzysta;prawnik;parlamentarzysta;prawnik;prawnik;politolog;polityk;prawnik;wyøszy urzÍdnik samorzπdowy;nauczyciel akademicki;wyøszy urzÍdnik samorzπdowy;technik awionik;rolnik;ekonomista;pracownik administracji samorzπdowej;pracownik administracji rzπdowej;wyøszy urzÍdnik samorzπdowy;Warszawa;Kalisz;OstrÛw Wielkopolski;Kalisz;Leszno;SiedlikÛw;OstrÛw Wielkopolski;PrzedborÛw;Nowe Skalmierzyce;åwiÍciechowa;Wolica;Kalisz;Kalisz;Kuünica;Wodziczna;Jarocin;Pleszew;OstrÛw Wielkopolski;KÍpno;åwiÍciechowa;Wysocko Wielkie;Leszno;Pogorzela;Kalisz;OpatÛwek;60599;36120;25695;16479;23799;21214;17767;15860;13496;12886;12632;14209;15000;5141;10689;11276;5508;5886;4086;3538;4498;3153;4190;2548;2478;31,07;31,83;13,17;8,45;38,59;36,1;15,66;8,13;6,92;11,35;6,48;23,04;49,71;8,75;9,42;5,78;2,82;5,19;2,09;5,74;7,65;1,62;3,69;1,31;1,27;13,2;7,87;5,6;3,59;5,18;4,62;3,87;3,45;2,94;2,81;2,75;3,09;3,27;1,12;2,33;2,46;1,2;1,28;0,89;0,77;0,98;0,69;0,91;0,55;0,54;Tak;Tak;Tak;Tak;Tak;Tak;Tak;Tak;Tak;Tak;Tak;Tak;Nie;Nie;Nie;Nie;Nie;Nie;Nie;Nie;Nie;Nie;Nie;Nie;Nie;74;428;229;250;366;123;406;356;221;318;150;288;0;0;0;0;0;0;0;0;0;354;0;0;0
37;HOFFMANN Zbigniew Grzegorz;DOLATA Zbigniew;NOWAK Tomasz Piotr;BARTOSIK Ryszard;TOMASZEWSKI Tadeusz;GALEMBA Leszek Ryszard;HENNIG-KLOSKA Paulina;TOMCZAK Jacek Jerzy;CZARNECKI Witold Wojciech;OSTROWSKI Krzysztof Jan;NOWAK Paulina;MOKRACKI Artur Piotr;POPKOWSKI Robert Adam;BRY£KA Anna Miros≥awa;WOèNIAK Anna;ITMAN Zofia Mariola;ST PIE— Mi≥os≥awa Dorota;NAWROCKI Ryszard Piotr;MAJDA Anna;WASZKOWIAK Marek Henryk;WIåNIEWSKA-ZAB£OCKA Ma≥gorzata;NIEWIAROWSKI Ireneusz;WOJNA Pawe≥;GAL BA Robert;SZYKOWNA Anita Aldona;1;3;1;4;2;5;3;1;2;6;1;4;8;1;9;18;2;4;2;7;12;5;10;5;11;politolog;nauczyciel historii;parlamentarzysta;parlamentarzysta;ekonomista;parlamentarzysta;ekonomista;notariusz;parlamentarzysta;lekarz - specjalista chorÛb wewnÍtrznych;ekonomista;politolog;przedsiÍbiorca;prawnik;pozostali specjaliúci ds. ksiÍgowoúci i rachunkowoúci;przedstawiciel w≥adzy samorzπdowej;t≥umaczka;inøynier rolnik;lekarz;pracownik naukowy;przedstawiciel w≥adzy samorzπdowej - wicestarosta;rolnik;prezes;technik gastronom;pozostali wyøsi urzÍdnicy administracji rzπdowej;PoznaÒ;Gniezno;Konin;Kowale PaÒskie;Niechanowo;Kie≥czew Smuøny Czwarty;Gniezno;PoznaÒ;Zielona GÛra;Skiereszewo;S≥upca;Bierzglinek;Konin;Kobylata;Kleczew;Konin;Konin;Øychlin;KawÍczyn;Konin;PÍtkowo;CzπstkÛw;årem;Psary;Strza≥kowo;42859;23116;23693;17338;17515;16521;16813;9833;16502;11934;14730;5700;8691;8045;5785;4297;5113;3515;6937;3195;3148;4571;3059;3308;2617;25,67;13,84;32,77;10,38;32,99;9,89;23,26;28,4;9,88;7,15;27,75;7,88;5,21;33,79;3,46;2,57;7,07;6,62;20,04;1,91;1,89;6,32;1,83;6,23;1,57;12,14;6,55;6,71;4,91;4,96;4,68;4,76;2,79;4,67;3,38;4,17;1,61;2,46;2,28;1,64;1,22;1,45;1;1,96;0,9;0,89;1,29;0,87;0,94;0,74;Tak;Tak;Tak;Tak;Tak;Tak;Tak;Tak;Tak;Nie;Nie;Nie;Nie;Nie;Nie;Nie;Nie;Nie;Nie;Nie;Nie;Nie;Nie;Nie;Nie;134;64;267;15;393;90;132;395;52;0;0;0;0;0;0;0;0;0;0;0;0;0;0;0;0
38;CZARNECKI Krzysztof W≥adys≥aw;RUTNICKI Jakub Adam;PORZUCEK Marcin Bartosz;JANYSKA Maria Ma≥gorzata;PASZYK Krzysztof Micha≥;AJCHLER Romuald Kazimierz;KUBIAK Marta Ryszarda;MUNYAMA Killion Munzele;PIECHOWIAK Grzegorz;AJCHLER Zbigniew Czes≥aw;ZIELI—SKI Micha≥ Witold;PARDA B≥aøej £ukasz;STANDERSKI Dariusz Marian;URBA—SKI Adam;SZOPI—SKI Henryk Marian;BANAå Dorota;MROZKOWIAK Janusz;B£ASZCZYK Krzysztof Jakub;TETERUS Tadeusz Krzysztof;NIJAKA Danuta Maria;GRZECHOWIAK Agnieszka Magdalena;KAMI—SKA-LECH Iwona Maria;JANKOWSKA Maja Ma≥gorzata;POSZWA Krzysztof;MUZYKA Emilia;1;2;4;1;1;2;2;5;3;4;5;2;1;1;6;6;8;18;3;8;4;3;9;10;16;przedstawiciel w≥adzy samorzπdowej;polityk;parlamentarzysta;ekonomistka;parlamentarzysta;rolnik;politolog;nauczyciel akademicki;parlamentarzysta;parlamentarzysta;dyrektor zarzπdzajπcy;ekonomista;ekonomista;politolog;muzyk;kierownik biura;dyrektor szko≥y;nauczyciel;pracownik samorzπdowy;politolog;politolog;ekonomistka;politolog;specjalista administracji publicznej;nauczyciel;Trzcianka;Pniewy;Pi≥a;CzarnkÛw;Oborniki;SierakÛw;Pi≥a;Karczewo;Pi≥a;Mylin;Oborniki;Pi≥a;Roønowo;Pi≥a;Zakrzewo;Wπsoszki;Wolsztyn;Obra;Stobno;Grodzisk Wielkopolski;Wπgrowiec;Pi≥a;Warszawa;Wπgrowiec;MiÍdzychÛd;38116;39344;27077;30783;13585;14438;13191;7764;9232;6654;8774;5675;12560;10739;5707;8716;3610;3558;4209;3097;3417;3375;1868;2561;1638;30,64;36,84;21,77;28,82;28,09;31,15;10,6;7,27;7,42;6,23;7,05;11,73;27,1;46,44;5,34;7,01;3,38;2,86;8,7;2,49;7,37;3,16;1,5;2,4;1,32;10,92;11,27;7,76;8,82;3,89;4,14;3,78;2,22;2,64;1,91;2,51;1,63;3,6;3,08;1,64;2,5;1,03;1,02;1,21;0,89;0,98;0,97;0,54;0,73;0,47;Tak;Tak;Tak;Tak;Tak;Tak;Tak;Tak;Tak;Nie;Nie;Nie;Nie;Nie;Nie;Nie;Nie;Nie;Nie;Nie;Nie;Nie;Nie;Nie;Nie;50;320;307;143;286;4;195;258;294;0;0;0;0;0;0;0;0;0;0;0;0;0;0;0;0
39;JAåKOWIAK Joanna;EMILEWICZ Jadwiga Katarzyna;SZ£APKA Adam Stanis≥aw;UEBERHAN Katarzyna;STERCZEWSKI Franciszek Wojciech;SZYNKOWSKI VEL S K Szymon Andrzej;DZIKOWSKI Waldy;GRUPI—SKI Rafa≥ Szymon;WR”BLEWSKI Bart≥omiej Piotr;KRETKOWSKA Katarzyna Maria;ZI”£KOWSKI Szymon Jerzy;MIERZEJEWSKI Jakub Piotr;FIEDLER Arkady Elpidio;DZIUBA Tadeusz Antoni;JANKOWIAK Wojciech;MURAWA Dawid Pawe≥;WACHOWSKA-KUCHARSKA Anna Ma≥gorzata;ZYSK Tadeusz;MAZUREK Marta;KOSAKOWSKA Magdalena Anna;SOMMERFELD Jacek;GUTORSKA Agata Hanna;ZI”£KOWSKA Agnieszka Maria;JANICKA Izabela Anna;STRYJSKA Ma≥gorzata Irena;1;1;3;1;20;3;4;2;6;3;6;1;10;2;1;16;2;5;8;13;7;5;20;7;4;notariusz;politolog;politolog;filozofka;architekt;sekretarz stanu;chemik;historyk kultury;parlamentarzysta;nauczycielka;sportowiec;specjalista do spraw stosunkÛw miÍdzynarodowych;pisarz;parlamentarzysta;administratywista;lekarz - specjalista chirurgii onkologicznej;specjalistka sprzedaøy internetowej;redaktor wydawniczy;nauczycielka akademicka;przedsiÍbiorca;przedstawiciel w≥adzy samorzπdowej;dyrektor szko≥y;menedøer artystyczny;nauczyciel akademicki;lekarz;PoznaÒ;Mogilany;PoznaÒ;PoznaÒ;PoznaÒ;PoznaÒ;Tarnowo PodgÛrne;PoznaÒ;PoznaÒ;PoznaÒ;Zalasewo;Ko≥o;Puszczykowo;PoznaÒ;SkÛrzewo;PoznaÒ;PoznaÒ;PoznaÒ;PoznaÒ;Kamionki;Kozieg≥owy;PoznaÒ;PoznaÒ;PoznaÒ;PoznaÒ;67822;43958;51951;33373;25060;24233;19704;17933;22181;16061;12657;16532;6981;14213;13408;5620;7334;7134;4907;3983;3462;3694;4893;3112;2568;29,05;33,73;22,25;39,34;10,73;18,6;8,44;7,68;17,02;18,93;5,42;48,59;2,99;10,91;42,06;2,41;8,65;5,47;2,1;1,71;2,66;1,58;5,77;1,33;1,97;13,18;8,54;10,1;6,49;4,87;4,71;3,83;3,49;4,31;3,12;2,46;3,21;1,36;2,76;2,61;1,09;1,43;1,39;0,95;0,77;0,67;0,72;0,95;0,6;0,5;Tak;Tak;Tak;Tak;Tak;Tak;Tak;Tak;Tak;Tak;Nie;Nie;Nie;Nie;Nie;Nie;Nie;Nie;Nie;Nie;Nie;Nie;Nie;Nie;Nie;145;78;373;405;360;382;76;122;438;186;0;0;0;0;0;0;0;0;0;0;0;0;0;0;0
40;HOC Czes≥aw;ZIENTARSKI Piotr Benedykt;SZEFERNAKER Pawe≥ Maciej;HOK Marek Tomasz;PROKOP-PACZKOWSKA Ma≥gorzata Barbara;GOLI—SKA Ma≥gorzata Joanna;HARDIE-DOUGLAS Jerzy;LUBCZYK Rados≥aw;SUBOCZ Marek Andrzej;CZUCZAK Tomasz;KOTL GA Jerzy Waldemar;STRZA£KOWSKI Stefan Zdzis≥aw;STRZ•BA£A Tomasz;WIåNIEWSKI Artur;CHMIELEWSKI Krzysztof Robert;SUSKI Pawe≥;OWSIAK Jan Andrzej;WEZGRAJ Jacek Artur;ROMECKI Stefan JÛzef;GRYGORCEWICZ Barbara Anna;NIEMYT Emilia Kazimiera;NAG”RSKA Barbara;KASZAK Wioletta;SZUBA Agnieszka;B£ASZCZYK Grzegorz;1;1;2;3;1;3;16;1;5;2;2;4;8;6;1;5;7;3;2;4;16;11;9;5;12;lekarz medycyny;parlamentarzysta;prawnik;lekarz specjalista po≥oønictwa i ginekologii;dziennikarka;leúnik;lekarz specjalista chirurgii onkologicznej;lekarz dentysta;urzÍdnik administracji rzπdowej;wyøszy urzÍdnik samorzπdowy;nauczyciel akademicki;nauczyciel;prawnik;nauczyciel;przedsiÍbiorca;parlamentarzysta;urzÍdnik;psycholog;úlusarz-spawacz;przedstawiciel w≥adzy samorzπdowej;inøynier nawigacji morskiej;przedsiÍbiorca;przedstawiciel w≥adzy samorzπdowej;nauczyciel;rolnik;Ko≥obrzeg;Koszalin;Szczecin;Grzybowo;Koszalin;Szczecinek;Szczecinek;Szczecinek;Wa≥cz;Koszalin;Bia≥ogard;Bia≥ogard;Bia≥ogard;Koszalin;Koszalin;Wa≥cz;åwidwin;Koszalin;Koszalin;Koszalin;Nowe Laski;Drawsko Pomorskie;Choszczno;Choszczno;Barwice;33083;18771;22116;11572;15300;16497;10280;6712;7937;10121;8113;4266;8439;2744;7263;8244;2548;5322;3605;7062;1788;1438;3879;2757;1414;33,06;21,38;22,1;13,18;36,48;16,48;11,71;26,19;7,93;11,53;19,34;4,26;9,61;2,74;44,67;9,39;2,55;12,69;14,06;8,04;1,79;1,44;4,42;6,57;1,41;12,18;6,91;8,14;4,26;5,63;6,07;3,78;2,47;2,92;3,72;2,99;1,57;3,11;1,01;2,67;3,03;0,94;1,96;1,33;2,6;0,66;0,53;1,43;1,01;0,52;Tak;Tak;Tak;Tak;Tak;Tak;Tak;Tak;Nie;Nie;Nie;Nie;Nie;Nie;Nie;Nie;Nie;Nie;Nie;Nie;Nie;Nie;Nie;Nie;Nie;133;451;370;135;308;108;130;219;0;0;0;0;0;0;0;0;0;0;0;0;0;0;0;0;0
41;NITRAS S≥awomir Witold;GR”BARCZYK Marek JÛzef;MARCHEWKA Arkadiusz;DOBRZY—SKI Leszek;WIECZOREK Dariusz Krzysztof;FILIKS Magdalena;JACH Micha≥;NAPIERALSKI Grzegorz Bernard;SZA£ABAWKA Artur Les≥aw;KOTULA Katarzyna Agata;RZEPA Jaros≥aw Micha≥;£•CKI Artur Jaros≥aw;ZAREMBA Krzysztof Piotr;BEDKA Marcin Grzegorz;OBRYCKI Norbert Piotr;MUCHA Rafa≥ Marek;JAB£O—SKA Eløbieta;CZARNECKI Arkadiusz Pawe≥;MATECKI Dariusz Piotr;SIARKIEWICZ Zygmunt;PAWLAK Anna;STANKIEWICZ Marek Zdzis≥aw;BIERNAT Stefania Eløbieta;AGATOWSKA Joanna Monika;S£OMSKI Piotr;1;1;2;2;1;5;4;6;3;4;1;4;6;1;3;7;7;2;15;13;18;11;5;24;2;parlamentarzysta;inøynier mechanik;ekonomista;parlamentarzysta;inøynier elektryk;ekonomista;parlamentarzysta;parlamentarzysta;parlamentarzysta;filolog angielski;inøynier ogrodnik;samorzπdowiec;parlamentarzysta;geodeta;parlamentarzysta;prawnik;samorzπdowiec;przedsiÍbiorca;prawnik;ekonomista;prawnik;inøynier mechanik;pedagog;ekonomistka;nauczyciel akademicki;Szczecin;Warszawa;Szczecin;Szczecin;Szczecin;Szczecin;Stargard;Szczecin;Szczecin;Gryfino;Szczecin;Rewal;Szczecin;Szczecinek;Szczecin;Gryfino;åwinoujúcie;Szczecin;Szczecin;Barlinek;Dolice;Stargard;Szczecin;åwinoujúcie;Nowogard;78513;58912;30047;14105;24924;14224;11881;11766;11346;7557;12622;5668;9189;11567;5640;8672;3905;7316;7121;2340;5018;2191;4646;5603;2679;46,73;35,66;17,88;8,54;34,73;8,47;7,19;7;6,87;10,53;36,26;3,37;5,56;37,62;3,36;5,25;2,32;10,2;4,31;1,39;3,04;1,3;2,81;7,81;7,7;16,69;12,52;6,39;3;5,3;3,02;2,53;2,5;2,41;1,61;2,68;1,2;1,95;2,46;1,2;1,84;0,83;1,55;1,51;0,5;1,07;0,47;0,99;1,19;0,57;Tak;Tak;Tak;Tak;Tak;Tak;Tak;Tak;Tak;Tak;Tak;Tak;Nie;Nie;Nie;Nie;Nie;Nie;Nie;Nie;Nie;Nie;Nie;Nie;Nie;265;121;234;63;423;82;139;261;364;173;323;222;0;0;0;0;0;0;0;0;0;0;0;0;0
