Nr;P1;P2;P3;P4;P5;P6;P7;P8;P9;P10;P11;P12;P13;P14;P15;P16;P17;P18;P19;P20;P21;P22;P23;P24;P25;LG;W1;W2;W3;W4;W5;W6
1;Prawo i Sprawiedliwoœæ;Platforma Obywatelska RP;Prawo i Sprawiedliwoœæ;Sojusz Lewicy Demokratycznej;Prawo i Sprawiedliwoœæ;Platforma Obywatelska RP;Prawo i Sprawiedliwoœæ;Prawo i Sprawiedliwoœæ;Platforma Obywatelska RP;Wiosna Roberta Biedronia;brak;Prawo i Sprawiedliwoœæ;Platforma Obywatelska RP;Prawo i Sprawiedliwoœæ;Konfederacja Wolnoœæ i Niepodleg³oœæ;Sojusz Lewicy Demokratycznej;Prawo i Sprawiedliwoœæ;Platforma Obywatelska RP;Prawo i Sprawiedliwoœæ;Prawo i Sprawiedliwoœæ;Platforma Obywatelska RP;Lewica Razem;Solidarna Polska;Polskie Stronnictwo Ludowe;Nowoczesna;432436;183364;108191;71061;31006;25319;0
2;Prawo i Sprawiedliwoœæ;Platforma Obywatelska RP;Prawo i Sprawiedliwoœæ;Platforma Obywatelska RP;Prawo i Sprawiedliwoœæ;Sojusz Lewicy Demokratycznej;Platforma Obywatelska RP;Porozumienie Jaros³awa Gowina;brak;Nowoczesna;Polskie Stronnictwo Ludowe;brak;brak;Wiosna Roberta Biedronia;Prawo i Sprawiedliwoœæ;Konfederacja Wolnoœæ i Niepodleg³oœæ;Platforma Obywatelska RP;Prawo i Sprawiedliwoœæ;brak;brak;Sojusz Lewicy Demokratycznej;Prawo i Sprawiedliwoœæ;Nowoczesna;Prawo i Sprawiedliwoœæ;brak;283002;114728;90812;34957;20528;15346;0
3;Prawo i Sprawiedliwoœæ;Platforma Obywatelska RP;Prawo i Sprawiedliwoœæ;Platforma Obywatelska RP;Wiosna Roberta Biedronia;Prawo i Sprawiedliwoœæ;Partia Zieloni;Prawo i Sprawiedliwoœæ;Platforma Obywatelska RP;brak;Ruch Narodowy;Prawo i Sprawiedliwoœæ;Nowoczesna;Unia Europejskich Demokratów;Prawo i Sprawiedliwoœæ;Platforma Obywatelska RP;Lewica Razem;Porozumienie Jaros³awa Gowina;Platforma Obywatelska RP;brak;Platforma Obywatelska RP;Prawo i Sprawiedliwoœæ;Sojusz Lewicy Demokratycznej;Korwin;brak;654455;226915;214629;100843;42269;48775;0
4;Prawo i Sprawiedliwoœæ;Platforma Obywatelska RP;Prawo i Sprawiedliwoœæ;Platforma Obywatelska RP;Wiosna Roberta Biedronia;Prawo i Sprawiedliwoœæ;Platforma Obywatelska RP;Prawo i Sprawiedliwoœæ;Polskie Stronnictwo Ludowe;brak;Sojusz Lewicy Demokratycznej;Prawo i Sprawiedliwoœæ;Konfederacja Wolnoœæ i Niepodleg³oœæ;brak;Solidarna Polska;Porozumienie Jaros³awa Gowina;brak;Sojusz Lewicy Demokratycznej;Prawo i Sprawiedliwoœæ;brak;brak;Prawo i Sprawiedliwoœæ;Platforma Obywatelska RP;brak;Prawo i Sprawiedliwoœæ;459982;167550;142844;69763;41497;32406;0
5;Prawo i Sprawiedliwoœæ;Platforma Obywatelska RP;Prawo i Sprawiedliwoœæ;brak;Prawo i Sprawiedliwoœæ;Platforma Obywatelska RP;brak;Prawo i Sprawiedliwoœæ;Platforma Obywatelska RP;Porozumienie Jaros³awa Gowina;brak;Solidarna Polska;brak;Konfederacja Wolnoœæ i Niepodleg³oœæ;Prawo i Sprawiedliwoœæ;Polskie Stronnictwo Ludowe;Platforma Obywatelska RP;brak;Sojusz Lewicy Demokratycznej;Prawo i Sprawiedliwoœæ;brak;Prawo i Sprawiedliwoœæ;brak;Sojusz Lewicy Demokratycznej;brak;452330;182648;119526;67076;49225;28625;0
6;Prawo i Sprawiedliwoœæ;Prawo i Sprawiedliwoœæ;Platforma Obywatelska RP;Prawo i Sprawiedliwoœæ;Prawo i Sprawiedliwoœæ;brak;Platforma Obywatelska RP;Prawo i Sprawiedliwoœæ;Polskie Stronnictwo Ludowe;brak;Sojusz Lewicy Demokratycznej;Konfederacja Wolnoœæ i Niepodleg³oœæ;Prawo i Sprawiedliwoœæ;Platforma Obywatelska RP;Prawo i Sprawiedliwoœæ;Prawo i Sprawiedliwoœæ;Prawo i Sprawiedliwoœæ;Platforma Obywatelska RP;Prawo i Sprawiedliwoœæ;Polskie Stronnictwo Ludowe;Porozumienie Jaros³awa Gowina;Prawo i Sprawiedliwoœæ;Lewica Razem;Platforma Obywatelska RP;Prawo i Sprawiedliwoœæ;565597;313284;109185;44152;51474;40012;0
7;Prawo i Sprawiedliwoœæ;Prawo i Sprawiedliwoœæ;Prawo i Sprawiedliwoœæ;Prawo i Sprawiedliwoœæ;brak;brak;brak;Prawo i Sprawiedliwoœæ;Prawo i Sprawiedliwoœæ;Prawo i Sprawiedliwoœæ;Platforma Obywatelska RP;Wiosna;Solidarna Polska;Prawo i Sprawiedliwoœæ;Polskie Stronnictwo Ludowe;Ruch Narodowy;Prawo i Sprawiedliwoœæ;Prawo i Sprawiedliwoœæ;Platforma Obywatelska RP;Prawo i Sprawiedliwoœæ;brak;Prawo i Sprawiedliwoœæ;Polskie Stronnictwo Ludowe;brak;Nowoczesna;401318;238802;59401;27404;47604;23439;0
8;Prawo i Sprawiedliwoœæ;Platforma Obywatelska RP;Prawo i Sprawiedliwoœæ;Partia Zieloni;Wiosna Roberta Biedronia;Polskie Stronnictwo Ludowe;Prawo i Sprawiedliwoœæ;Platforma Obywatelska RP;Prawo i Sprawiedliwoœæ;Platforma Obywatelska RP;Sojusz Lewicy Demokratycznej;Ruch Narodowy;Prawo i Sprawiedliwoœæ;Platforma Obywatelska RP;brak;Prawo i Sprawiedliwoœæ;Platforma Obywatelska RP;Lewica Razem;Prawo i Sprawiedliwoœæ;Platforma Obywatelska RP;brak;Platforma Obywatelska RP;brak;Polskie Stronnictwo Ludowe;Prawo i Sprawiedliwoœæ;437917;150188;136955;68341;50943;31490;0
9;brak;Prawo i Sprawiedliwoœæ;Sojusz Lewicy Demokratycznej;Platforma Obywatelska RP;Prawo i Sprawiedliwoœæ;Platforma Obywatelska RP;Porozumienie Jaros³awa Gowina;Wiosna Roberta Biedronia;Platforma Obywatelska RP;brak;Nowoczesna;Lewica Razem;Konfederacja Wolnoœæ i Niepodleg³oœæ;Prawo i Sprawiedliwoœæ;brak;Prawo i Sprawiedliwoœæ;Platforma Obywatelska RP;Sojusz Lewicy Demokratycznej;Prawo i Sprawiedliwoœæ;Unia Europejskich Demokratów;Partia Zieloni;brak;Sojusz Lewicy Demokratycznej;brak;Porozumienie Jaros³awa Gowina;415540;136731;148830;83524;18828;27627;0
10;Prawo i Sprawiedliwoœæ;Prawo i Sprawiedliwoœæ;Prawo i Sprawiedliwoœæ;Platforma Obywatelska RP;Prawo i Sprawiedliwoœæ;Prawo i Sprawiedliwoœæ;Wiosna Roberta Biedronia;Polskie Stronnictwo Ludowe;Prawo i Sprawiedliwoœæ;brak;Platforma Obywatelska RP;Prawo i Sprawiedliwoœæ;Konfederacja Wolnoœæ i Niepodleg³oœæ;Solidarna Polska;Prawo i Sprawiedliwoœæ;Sojusz Lewicy Demokratycznej;brak;Platforma Obywatelska RP;Porozumienie Jaros³awa Gowina;Prawo i Sprawiedliwoœæ;Prawo i Sprawiedliwoœæ;Prawo i Sprawiedliwoœæ;Platforma Obywatelska RP;brak;Sojusz Lewicy Demokratycznej;346326;194658;54160;37930;36151;23427;0
11;Prawo i Sprawiedliwoœæ;Prawo i Sprawiedliwoœæ;Platforma Obywatelska RP;Prawo i Sprawiedliwoœæ;brak;Lewica Razem;Polskie Stronnictwo Ludowe;Inicjatywa Polska;Solidarna Polska;Prawo i Sprawiedliwoœæ;Prawo i Sprawiedliwoœæ;Platforma Obywatelska RP;Prawo i Sprawiedliwoœæ;Sojusz Lewicy Demokratycznej;Ruch Narodowy;brak;Polskie Stronnictwo Ludowe;Platforma Obywatelska RP;Prawo i Sprawiedliwoœæ;brak;brak;Platforma Obywatelska RP;Sojusz Lewicy Demokratycznej;Prawo i Sprawiedliwoœæ;Prawo i Sprawiedliwoœæ;460239;229245;94268;55116;47373;27054;0
12;brak;Prawo i Sprawiedliwoœæ;Platforma Obywatelska RP;Prawo i Sprawiedliwoœæ;Prawo i Sprawiedliwoœæ;Platforma Obywatelska RP;Prawo i Sprawiedliwoœæ;brak;Sojusz Lewicy Demokratycznej;brak;Platforma Obywatelska RP;Prawo i Sprawiedliwoœæ;Ruch Narodowy;Prawo i Sprawiedliwoœæ;brak;brak;brak;Prawo i Sprawiedliwoœæ;brak;Prawo i Sprawiedliwoœæ;brak;Prawo i Sprawiedliwoœæ;Polskie Stronnictwo Ludowe;brak;Prawo i Sprawiedliwoœæ;316214;169106;72869;26909;24996;22334;0
13;brak;brak;Prawo i Sprawiedliwoœæ;Platforma Obywatelska RP;Porozumienie Jaros³awa Gowina;brak;Platforma Obywatelska RP;Prawo i Sprawiedliwoœæ;Korwin;Prawo i Sprawiedliwoœæ;Platforma Obywatelska RP;brak;Prawo i Sprawiedliwoœæ;Lewica Razem;Platforma Obywatelska RP;Prawo i Sprawiedliwoœæ;Platforma Obywatelska RP;Prawo i Sprawiedliwoœæ;Solidarna Polska;Platforma Obywatelska RP;Sojusz Lewicy Demokratycznej;brak;Prawo i Sprawiedliwoœæ;Nowoczesna;Polskie Stronnictwo Ludowe;649287;256847;197930;84457;47219;51855;0
14;Prawo i Sprawiedliwoœæ;Prawo i Sprawiedliwoœæ;Solidarna Polska;Prawo i Sprawiedliwoœæ;Platforma Obywatelska RP;Prawo i Sprawiedliwoœæ;Porozumienie Jaros³awa Gowina;Prawo i Sprawiedliwoœæ;Prawo i Sprawiedliwoœæ;Polskie Stronnictwo Ludowe;brak;brak;Platforma Obywatelska RP;Prawo i Sprawiedliwoœæ;Wiosna Roberta Biedronia;Prawo i Sprawiedliwoœæ;Prawo i Sprawiedliwoœæ;brak;Prawo i Sprawiedliwoœæ;Platforma Obywatelska RP;Prawo i Sprawiedliwoœæ;Prawo i Sprawiedliwoœæ;Prawo i Sprawiedliwoœæ;Polskie Stronnictwo Ludowe;Prawo i Sprawiedliwoœæ;370199;243583;51183;22483;27203;25747;0
15;Prawo i Sprawiedliwoœæ;Prawo i Sprawiedliwoœæ;Prawo i Sprawiedliwoœæ;Prawo i Sprawiedliwoœæ;Platforma Obywatelska RP;Polskie Stronnictwo Ludowe;Porozumienie Jaros³awa Gowina;brak;Solidarna Polska;Prawo i Sprawiedliwoœæ;Zjednoczenie Chrzeœcijañskich Rodzin;Platforma Obywatelska RP;Polskie Stronnictwo Ludowe;Prawo i Sprawiedliwoœæ;Prawo i Sprawiedliwoœæ;Wiosna Roberta Biedronia;Prawo i Sprawiedliwoœæ;Prawo i Sprawiedliwoœæ;brak;Prawo i Sprawiedliwoœæ;brak;brak;Prawo i Sprawiedliwoœæ;brak;Korwin;347088;206845;48597;20618;46333;24695;0
16;brak;Prawo i Sprawiedliwoœæ;brak;Platforma Obywatelska RP;Polskie Stronnictwo Ludowe;Prawo i Sprawiedliwoœæ;Prawo i Sprawiedliwoœæ;Sojusz Lewicy Demokratycznej;Prawo i Sprawiedliwoœæ;Platforma Obywatelska RP;Polskie Stronnictwo Ludowe;Prawo i Sprawiedliwoœæ;Prawo i Sprawiedliwoœæ;Prawo i Sprawiedliwoœæ;Platforma Obywatelska RP;Prawo i Sprawiedliwoœæ;Ruch Narodowy;Polskie Stronnictwo Ludowe;Prawo i Sprawiedliwoœæ;Sojusz Lewicy Demokratycznej;Prawo i Sprawiedliwoœæ;Platforma Obywatelska RP;Prawo i Sprawiedliwoœæ;Polskie Stronnictwo Ludowe;Prawo i Sprawiedliwoœæ;370561;194371;62429;32448;56227;19405;0
17;Prawo i Sprawiedliwoœæ;Prawo i Sprawiedliwoœæ;brak;Platforma Obywatelska RP;Prawo i Sprawiedliwoœæ;brak;Polskie Stronnictwo Ludowe;Prawo i Sprawiedliwoœæ;Platforma Obywatelska RP;brak;Wiosna Roberta Biedronia;Prawo i Sprawiedliwoœæ;Prawo i Sprawiedliwoœæ;Ruch Narodowy;brak;Platforma Obywatelska RP;Prawo i Sprawiedliwoœæ;Polskie Stronnictwo Ludowe;brak;Porozumienie Jaros³awa Gowina;Platforma Obywatelska RP;Prawo i Sprawiedliwoœæ;Prawo i Sprawiedliwoœæ;brak;Prawo i Sprawiedliwoœæ;335009;193709;57449;24884;34185;19724;0
18;Prawo i Sprawiedliwoœæ;Prawo i Sprawiedliwoœæ;Prawo i Sprawiedliwoœæ;Prawo i Sprawiedliwoœæ;Platforma Obywatelska RP;Prawo i Sprawiedliwoœæ;Polskie Stronnictwo Ludowe;Prawo i Sprawiedliwoœæ;Prawo i Sprawiedliwoœæ;Partia Republikañska;Platforma Obywatelska RP;Prawo i Sprawiedliwoœæ;brak;Lewica Razem;Prawo i Sprawiedliwoœæ;Polskie Stronnictwo Ludowe;Prawo i Sprawiedliwoœæ;Prawo i Sprawiedliwoœæ;Platforma Obywatelska RP;Prawo i Sprawiedliwoœæ;Prawo i Sprawiedliwoœæ;Prawo i Sprawiedliwoœæ;Polskie Stronnictwo Ludowe;brak;brak;452906;270641;63124;29235;54085;29390;0
19;Platforma Obywatelska RP;Prawo i Sprawiedliwoœæ;Nowoczesna;Razem;brak;Prawo i Sprawiedliwoœæ;Platforma Obywatelska RP;Prawo i Sprawiedliwoœæ;Lewica Razem;Platforma Obywatelska RP;Konfederacja Wolnoœæ i Niepodleg³oœæ;brak;Prawo i Sprawiedliwoœæ;Sojusz Lewicy Demokratycznej;Partia Zieloni;Prawo i Sprawiedliwoœæ;brak;brak;Platforma Obywatelska RP;Prawo i Sprawiedliwoœæ;Wiosna Roberta Biedronia;brak;Prawo i Sprawiedliwoœæ;brak;Konfederacja Wolnoœæ i Niepodleg³oœæ;1381917;379880;581077;251434;65683;103843;0
20;Prawo i Sprawiedliwoœæ;Platforma Obywatelska RP;Prawo i Sprawiedliwoœæ;Platforma Obywatelska RP;Prawo i Sprawiedliwoœæ;Sojusz Lewicy Demokratycznej;brak;brak;Polskie Stronnictwo Ludowe;Prawo i Sprawiedliwoœæ;Platforma Obywatelska RP;Solidarna Polska;Konfederacja Wolnoœæ i Niepodleg³oœæ;Lewica Razem;Prawo i Sprawiedliwoœæ;Platforma Obywatelska RP;Prawo i Sprawiedliwoœæ;Inicjatywa Polska;Prawo i Sprawiedliwoœæ;Wiosna Roberta Biedronia;brak;Prawo i Sprawiedliwoœæ;brak;brak;Nowoczesna;598727;244823;171286;78348;51484;39675;0
21;Prawo i Sprawiedliwoœæ;Nowoczesna;Prawo i Sprawiedliwoœæ;Platforma Obywatelska RP;brak;Lewica Razem;brak;Porozumienie Jaros³awa Gowina;Platforma Obywatelska RP;Regionalna, Mniejszoœæ z Wiêkszoœci¹;Porozumienie Jaros³awa Gowina;Platforma Obywatelska RP;Prawo i Sprawiedliwoœæ;Sojusz Lewicy Demokratycznej;Korwin;Prawo i Sprawiedliwoœæ;Platforma Obywatelska RP;Polskie Stronnictwo Ludowe;Prawo i Sprawiedliwoœæ;Platforma Obywatelska RP;Prawo i Sprawiedliwoœæ;Regionalna, Mniejszoœæ z Wiêkszoœci¹;Wiosna Roberta Biedronia;Platforma Obywatelska RP;Prawo i Sprawiedliwoœæ;406439;152999;108570;47699;41901;23176;32094
22;Prawo i Sprawiedliwoœæ;Prawo i Sprawiedliwoœæ;Solidarna Polska;Platforma Obywatelska RP;Solidarna Polska;Prawo i Sprawiedliwoœæ;Prawo i Sprawiedliwoœæ;Prawo i Sprawiedliwoœæ;Platforma Obywatelska RP;Prawo i Sprawiedliwoœæ;Polskie Stronnictwo Ludowe;Prawo i Sprawiedliwoœæ;brak;Prawo i Sprawiedliwoœæ;Wiosna Roberta Biedronia;Prawo i Sprawiedliwoœæ;brak;Prawo i Sprawiedliwoœæ;Prawo i Sprawiedliwoœæ;Prawo i Sprawiedliwoœæ;Prawo i Sprawiedliwoœæ;brak;Prawo i Sprawiedliwoœæ;Polskie Stronnictwo Ludowe;Porozumienie Jaros³awa Gowina;390581;247488;62246;23577;30655;26615;0
23;Prawo i Sprawiedliwoœæ;Prawo i Sprawiedliwoœæ;brak;Prawo i Sprawiedliwoœæ;brak;Prawo i Sprawiedliwoœæ;Prawo i Sprawiedliwoœæ;Prawo i Sprawiedliwoœæ;Konfederacja Wolnoœæ i Niepodleg³oœæ;Prawo i Sprawiedliwoœæ;brak;Platforma Obywatelska RP;Prawo i Sprawiedliwoœæ;Sojusz Lewicy Demokratycznej;Prawo i Sprawiedliwoœæ;Prawo i Sprawiedliwoœæ;Prawo i Sprawiedliwoœæ;Prawo i Sprawiedliwoœæ;Platforma Obywatelska RP;Prawo i Sprawiedliwoœæ;Prawo i Sprawiedliwoœæ;Ruch Narodowy;Prawo i Sprawiedliwoœæ;brak;Prawo i Sprawiedliwoœæ;588786;367268;84703;38817;45868;48600;0
24;Prawo i Sprawiedliwoœæ;Prawo i Sprawiedliwoœæ;Platforma Obywatelska RP;brak;Prawo i Sprawiedliwoœæ;Platforma Obywatelska RP;Prawo i Sprawiedliwoœæ;Polskie Stronnictwo Ludowe;Wiosna;brak;Porozumienie Jaros³awa Gowina;brak;Ruch Narodowy;Porozumienie Jaros³awa Gowina;Prawo i Sprawiedliwoœæ;Platforma Obywatelska RP;brak;Prawo i Sprawiedliwoœæ;brak;Sojusz Lewicy Demokratycznej;brak;Platforma Obywatelska RP;brak;Prawo i Sprawiedliwoœæ;Platforma Obywatelska RP;520578;270888;109527;47342;48566;36207;0
25;Platforma Obywatelska RP;Prawo i Sprawiedliwoœæ;brak;Prawo i Sprawiedliwoœæ;Platforma Obywatelska RP;Wiosna Roberta Biedronia;Prawo i Sprawiedliwoœæ;Platforma Obywatelska RP;Platforma Obywatelska RP;Solidarna Polska;Ruch Narodowy;Platforma Obywatelska RP;brak;Prawo i Sprawiedliwoœæ;Platforma Obywatelska RP;brak;Prawo i Sprawiedliwoœæ;Nowoczesna;Polskie Stronnictwo Ludowe;brak;Sojusz Lewicy Demokratycznej;Platforma Obywatelska RP;Prawo i Sprawiedliwoœæ;Platforma Obywatelska RP;Korwin;528829;169753;218484;71236;31203;38153;0
26;Prawo i Sprawiedliwoœæ;Inicjatywa Polska;Prawo i Sprawiedliwoœæ;brak;Sojusz Lewicy Demokratycznej;Prawo i Sprawiedliwoœæ;Platforma Obywatelska RP;Porozumienie Jaros³awa Gowina;Platforma Obywatelska RP;brak;Korwin;Prawo i Sprawiedliwoœæ;Platforma Obywatelska RP;Wiosna Roberta Biedronia;Prawo i Sprawiedliwoœæ;brak;brak;Platforma Obywatelska RP;Prawo i Sprawiedliwoœæ;brak;Lewica Razem;Prawo i Sprawiedliwoœæ;Platforma Obywatelska RP;brak;Ruch Narodowy;580722;211582;208208;72436;46132;42364;0
27;Prawo i Sprawiedliwoœæ;Platforma Obywatelska RP;Prawo i Sprawiedliwoœæ;Prawo i Sprawiedliwoœæ;Platforma Obywatelska RP;Prawo i Sprawiedliwoœæ;Sojusz Lewicy Demokratycznej;Prawo i Sprawiedliwoœæ;Nowoczesna;Prawo i Sprawiedliwoœæ;Korwin;Polskie Stronnictwo Ludowe;brak;brak;brak;Lewica Razem;Platforma Obywatelska RP;Prawo i Sprawiedliwoœæ;brak;Platforma Obywatelska RP;Prawo i Sprawiedliwoœæ;Prawo i Sprawiedliwoœæ;brak;Sojusz Lewicy Demokratycznej;Korwin;389256;182027;105876;44701;27752;28900;0
28;Prawo i Sprawiedliwoœæ;Platforma Obywatelska RP;Prawo i Sprawiedliwoœæ;Sojusz Lewicy Demokratycznej;Prawo i Sprawiedliwoœæ;Platforma Obywatelska RP;Prawo i Sprawiedliwoœæ;Solidarna Polska;Polskie Stronnictwo Ludowe;Sojusz Lewicy Demokratycznej;Platforma Obywatelska RP;Porozumienie Jaros³awa Gowina;brak;brak;Platforma Obywatelska RP;Prawo i Sprawiedliwoœæ;Sojusz Lewicy Demokratycznej;brak;brak;Prawo i Sprawiedliwoœæ;Polskie Stronnictwo Ludowe;Prawo i Sprawiedliwoœæ;Sojusz Lewicy Demokratycznej;Platforma Obywatelska RP;brak;284517;125990;64374;44354;24704;17278;0
29;Prawo i Sprawiedliwoœæ;Platforma Obywatelska RP;Prawo i Sprawiedliwoœæ;Platforma Obywatelska RP;brak;Prawo i Sprawiedliwoœæ;Platforma Obywatelska RP;Prawo i Sprawiedliwoœæ;Platforma Obywatelska RP;brak;Porozumienie Jaros³awa Gowina;Razem;brak;Prawo i Sprawiedliwoœæ;Polskie Stronnictwo Ludowe;Platforma Obywatelska RP;Solidarna Polska;Prawo i Sprawiedliwoœæ;brak;Sojusz Lewicy Demokratycznej;Prawo i Sprawiedliwoœæ;brak;brak;Prawo i Sprawiedliwoœæ;Inicjatywa Polska;340647;128579;111078;45583;20408;26114;0
30;Prawo i Sprawiedliwoœæ;Platforma Obywatelska RP;brak;Prawo i Sprawiedliwoœæ;Platforma Obywatelska RP;Prawo i Sprawiedliwoœæ;Wiosna Roberta Biedronia;Prawo i Sprawiedliwoœæ;Platforma Obywatelska RP;Prawo i Sprawiedliwoœæ;brak;brak;Prawo i Sprawiedliwoœæ;Prawo i Sprawiedliwoœæ;brak;Platforma Obywatelska RP;Prawo i Sprawiedliwoœæ;Sojusz Lewicy Demokratycznej;Prawo i Sprawiedliwoœæ;brak;Prawo i Sprawiedliwoœæ;Porozumienie Jaros³awa Gowina;Nowoczesna;Prawo i Sprawiedliwoœæ;Ruch Narodowy;333836;161160;92493;32300;18816;23939;0
31;Prawo i Sprawiedliwoœæ;Platforma Obywatelska RP;Solidarna Polska;Nowoczesna;Prawo i Sprawiedliwoœæ;Platforma Obywatelska RP;Razem;Prawo i Sprawiedliwoœæ;Platforma Obywatelska RP;Porozumienie Jaros³awa Gowina;Platforma Obywatelska RP;Korwin;Prawo i Sprawiedliwoœæ;Platforma Obywatelska RP;brak;brak;brak;Prawo i Sprawiedliwoœæ;brak;Œlonzoki Razem;Prawo i Sprawiedliwoœæ;Platforma Obywatelska RP;Wiosna;brak;Platforma Obywatelska RP;469633;184030;174683;55992;20512;34416;0
32;Prawo i Sprawiedliwoœæ;Nowoczesna;Sojusz Lewicy Demokratycznej;Prawo i Sprawiedliwoœæ;Platforma Obywatelska RP;Prawo i Sprawiedliwoœæ;Sojusz Lewicy Demokratycznej;Platforma Obywatelska RP;Prawo i Sprawiedliwoœæ;Solidarna Polska;Platforma Obywatelska RP;brak;Ruch Narodowy;Prawo i Sprawiedliwoœæ;Platforma Obywatelska RP;Sojusz Lewicy Demokratycznej;Prawo i Sprawiedliwoœæ;Platforma Obywatelska RP;brak;brak;Wiosna Roberta Biedronia;brak;Prawo i Sprawiedliwoœæ;Prawo i Sprawiedliwoœæ;brak;335431;124553;99499;73466;16263;21650;0
33;Solidarna Polska;Prawo i Sprawiedliwoœæ;Prawo i Sprawiedliwoœæ;brak;Prawo i Sprawiedliwoœæ;Porozumienie Jaros³awa Gowina;Sojusz Lewicy Demokratycznej;Polskie Stronnictwo Ludowe;Prawo i Sprawiedliwoœæ;Platforma Obywatelska RP;Prawo i Sprawiedliwoœæ;Prawo i Sprawiedliwoœæ;brak;Ruch Narodowy;brak;Prawo i Sprawiedliwoœæ;Solidarna Polska;Wiosna Roberta Biedronia;Polskie Stronnictwo Ludowe;brak;Prawo i Sprawiedliwoœæ;Platforma Obywatelska RP;Prawo i Sprawiedliwoœæ;Prawo i Sprawiedliwoœæ;brak;569891;314455;94880;56699;56289;33895;0
34;Prawo i Sprawiedliwoœæ;Platforma Obywatelska RP;Prawo i Sprawiedliwoœæ;Platforma Obywatelska RP;Prawo i Sprawiedliwoœæ;Wiosna Roberta Biedronia;Polskie Stronnictwo Ludowe;Prawo i Sprawiedliwoœæ;Platforma Obywatelska RP;Prawo i Sprawiedliwoœæ;Platforma Obywatelska RP;Prawo i Sprawiedliwoœæ;Prawo i Sprawiedliwoœæ;Sojusz Lewicy Demokratycznej;Platforma Obywatelska RP;Korwin;Polskie Stronnictwo Ludowe;brak;Nowoczesna;Prawo i Sprawiedliwoœæ;Prawo i Sprawiedliwoœæ;Platforma Obywatelska RP;Lewica Razem;Prawo i Sprawiedliwoœæ;Polskie Stronnictwo Ludowe;250819;102478;71320;29196;27319;14187;0
35;brak;Platforma Obywatelska RP;Prawo i Sprawiedliwoœæ;Sojusz Lewicy Demokratycznej;Platforma Obywatelska RP;Polskie Stronnictwo Ludowe;Porozumienie Gowina;Prawo i Sprawiedliwoœæ;Platforma Obywatelska RP;Prawo i Sprawiedliwoœæ;Ruch Narodowy;brak;brak;Polskie Stronnictwo Ludowe;Prawo i Sprawiedliwoœæ;Prawo i Sprawiedliwoœæ;Nowoczesna;Prawo i Sprawiedliwoœæ;Lewica Razem;brak;Polskie Stronnictwo Ludowe;Prawo i Sprawiedliwoœæ;Solidarna Polska;Platforma Obywatelska RP;Prawo i Sprawiedliwoœæ;331684;128760;87780;45912;43758;23134;0
36;Prawo i Sprawiedliwoœæ;Platforma Obywatelska RP;Prawo i Sprawiedliwoœæ;Prawo i Sprawiedliwoœæ;Sojusz Lewicy Demokratycznej;Polskie Stronnictwo Ludowe;Platforma Obywatelska RP;Prawo i Sprawiedliwoœæ;Prawo i Sprawiedliwoœæ;Platforma Obywatelska RP;Prawo i Sprawiedliwoœæ;Sojusz Lewicy Demokratycznej;Korwin;Polskie Stronnictwo Ludowe;Platforma Obywatelska RP;Prawo i Sprawiedliwoœæ;Prawo i Sprawiedliwoœæ;Platforma Obywatelska RP;Prawo i Sprawiedliwoœæ;Wiosna Roberta Biedronia;Polskie Stronnictwo Ludowe;Prawo i Sprawiedliwoœæ;Platforma Obywatelska RP;Prawo i Sprawiedliwoœæ;brak;459152;195053;113489;61674;58759;30177;0
37;Prawo i Sprawiedliwoœæ;Prawo i Sprawiedliwoœæ;Platforma Obywatelska RP;Prawo i Sprawiedliwoœæ;Sojusz Lewicy Demokratycznej;Prawo i Sprawiedliwoœæ;Nowoczesna;brak;Prawo i Sprawiedliwoœæ;Prawo i Sprawiedliwoœæ;Lewica Razem;Platforma Obywatelska RP;Solidarna Polska;Ruch Narodowy;Prawo i Sprawiedliwoœæ;Prawo i Sprawiedliwoœæ;Partia Zieloni;Sojusz Lewicy Demokratycznej;brak;Porozumienie Jaros³awa Gowina;Prawo i Sprawiedliwoœæ;Platforma Obywatelska RP;Prawo i Sprawiedliwoœæ;brak;Prawo i Sprawiedliwoœæ;353041;166965;72295;53090;34620;23810;0
38;Prawo i Sprawiedliwoœæ;Platforma Obywatelska RP;Prawo i Sprawiedliwoœæ;Platforma Obywatelska RP;Polskie Stronnictwo Ludowe;Sojusz Lewicy Demokratycznej;Prawo i Sprawiedliwoœæ;Platforma Obywatelska RP;Porozumienie Jaros³awa Gowina;Platforma Obywatelska RP;Prawo i Sprawiedliwoœæ;brak;Wiosna Roberta Biedronia;Ruch Narodowy;Platforma Obywatelska RP;Prawo i Sprawiedliwoœæ;brak;Prawo i Sprawiedliwoœæ;Polskie Stronnictwo Ludowe;Prawo i Sprawiedliwoœæ;Sojusz Lewicy Demokratycznej;Nowoczesna;Solidarna Polska;Platforma Obywatelska RP;Prawo i Sprawiedliwoœæ;349051;124392;106810;46355;48371;23123;0
39;brak;Porozumienie Jaros³awa Gowina;Nowoczesna;Wiosna Roberta Biedronia;brak;Prawo i Sprawiedliwoœæ;Platforma Obywatelska RP;Platforma Obywatelska RP;Prawo i Sprawiedliwoœæ;Sojusz Lewicy Demokratycznej;Platforma Obywatelska RP;Korwin;Platforma Obywatelska RP;Prawo i Sprawiedliwoœæ;Polskie Stronnictwo Ludowe;Platforma Obywatelska RP;Lewica Razem;brak;Platforma Obywatelska RP;Nowoczesna;Prawo i Sprawiedliwoœæ;Platforma Obywatelska RP;brak;Partia Zieloni;brak;514527;130319;233474;84835;31875;34024;0
40;Prawo i Sprawiedliwoœæ;Platforma Obywatelska RP;Prawo i Sprawiedliwoœæ;Platforma Obywatelska RP;Wiosna;Prawo i Sprawiedliwoœæ;Platforma Obywatelska RP;brak;Prawo i Sprawiedliwoœæ;brak;Sojusz Lewicy Demokratycznej;Prawo i Sprawiedliwoœæ;brak;Prawo i Sprawiedliwoœæ;Korwin;Platforma Obywatelska RP;brak;Razem;brak;Platforma Obywatelska RP;Prawo i Sprawiedliwoœæ;Prawo i Sprawiedliwoœæ;Platforma Obywatelska RP;brak;Prawo i Sprawiedliwoœæ;271711;100078;87799;41943;25632;16259;0
41;Platforma Obywatelska RP;Prawo i Sprawiedliwoœæ;Platforma Obywatelska RP;Prawo i Sprawiedliwoœæ;Sojusz Lewicy Demokratycznej;brak;Prawo i Sprawiedliwoœæ;brak;Prawo i Sprawiedliwoœæ;brak;Polskie Stronnictwo Ludowe;Platforma Obywatelska RP;Prawo i Sprawiedliwoœæ;Korwin;Platforma Obywatelska RP;Prawo i Sprawiedliwoœæ;Platforma Obywatelska RP;Wiosna Roberta Biedronia;Solidarna Polska;brak;Prawo i Sprawiedliwoœæ;Platforma Obywatelska RP;Prawo i Sprawiedliwoœæ;Sojusz Lewicy Demokratycznej;brak;470529;165200;168022;71756;34807;30744;0
